Číslo aktivity,ČVS,Rok zaevidovania,Rok aktivity,Druh aktivity,Katastrálne územie,Obec,Poloha,Okres,Vedúci výskumu,Autor - NS,Inštitúcia,Číslo akcie,Datovanie - NS,Datovanie - CEANS,Druh náleziska - pôvodná hodnota,Datovanie-druh náleziska,Stupeň lokalizácie,Existuje GIS väzba,Súradnica X,Súradnica Y,Malá/veľká
č.a. 31270,21043,2024,2020,nálezová správa - externá,Nové Zámky,Nové Zámky,"IBV Riverside, p.č. 304/1,2,26",Nové Zámky,Repka D.,"KA FF UKF NR, Šimunková K., Repka D.",KA FF UKF NR,,negatívne,negatívne,,,1,1,-1303842.076,-495510.2445,malá
č.a. 31272,21044,2024,2023,nálezová správa - externá,Topoľčany,Topoľčany,"Kulturpark, p.č. 304/1,2,26",Topoľčany,Steiner P.,"KA FF UKF NR, Steiner P., Wiedwrmann E.",KA FF UKF NR,,negatívne,negatívne,,,1,1,-1242341.391,-490843.519,malá
č.a. 31271,21045,2024,2011-2018,nálezová správa - externá,Ostrá Lúka,Ostrá Lúka,"Hrad Peťuša, p.č. 1409",Zvolen,Beljak Pažinová N.,"KA FF UKF NR, Beljak Pažinová N.",KA FF UKF NR,,Stredovek-vrcholný,ST-vr,sídlisko opevnené,Stredovek - vrcholný - sídlisko opevnené,1,1,-1248141.301,-424228.8292,veľká
č.a. 31273,21046,2024,2022,nálezová správa - externá,Chotín,Chotín,"INS FTTH Transport KOMA 03, Pri hradskej, p.č. 5415, 5449, 5479-5482",Komárno,Gereová M.,"ARCHAEOJEDI, s.r.o., Gereová M., Žundálek I.","ARCHAEOJEDI, s.r.o.",,"Neolit-želiezovská, Eneolit-badenská, Doba rímska-rímskobarbarská, Stredovek, Novovek","NE-ze, EN-ba, RI-rb, ST, NV",sídlisko,"Neolit - želiezovská - sídlisko, Eneolit - badenská - sídlisko, Doba rímska - rímskobarbarská - sídlisko,  Stredovek - sídlisko, Novovek - sídlisko",1,1,-1327479.365,-492255.8709,malá
č.a. 31274,21046,2024,2022,nálezová správa - externá,Krátke Kesy,Marcelová,"INS FTTH Transport KOMA 03, Nad chotínskou cestou, p.č. 1877/2",Komárno,Gereová M.,"ARCHAEOJEDI, s.r.o., Gereová M., Žundálek I.","ARCHAEOJEDI, s.r.o.",,Eneolit-badenská,EN-ba,sídlisko,Eneolit - badenská - sídlisko,1,1,-1325645.961,-495435.6034,malá
č.a. 31275,21047,2024,"2022, 2023",nálezová správa - externá,Beckov,Beckov,"Hrad Beckov, obnova západného paláca a západnej bašty",Nové Mesto nad Váhom,Žaár O.,"Pamarch s.r.o, Žaár O., Žaárová Ľ.",Pamarch s.r.o.,,"Stredovek, Novovek","ST, NV-16, NV-17, NV-18",sídlisko opevnené,"Stredovek - sídlisko opevnené, Novovek - 16. storočie - sídlisko opevnené, Novovek - 17. storočie - sídlisko opevnené, Novovek - 18. storočie - sídlisko opevnené",1,1,-1214851.043,-508666.4803,veľká
č.a. 31276,21048,2024,2023,nálezová správa - externá,Dolné Sľažany,Sľažany,"RD, Farská ul., p.č. 30/13",Zlaté Moravce,Iván R.,"Pamarch s.r.o., Iván R.",Pamarch s.r.o.,,negatívne,negatívne,,,1,1,-1262272.218,-481263.2928,malá
č.a. 31277,21049,2024,"2019, 2020, 2021, 2022, 2023",nálezová správa - externá,Andač,Zbehy,"Kostol Narodenia Panny Márie, p.č. 45/11, 45/12, 75/1, 75/3",Nitra,Iván R.,"Pamarch s.r.o., Iván R.",Pamarch s.r.o.,,negatívne,negatívne,,,1,1,-1261612.652,-507072.6061,malá
č.a. 31278,21050,2024,2023,nálezová správa - externá,Komárno,Komárno,"Obchodné centrum, Eötvösova ulica, p.č. 2454/8,69,70,83,84,86,88,  2464/1,3",Komárno,Ölvecky R.,"Pamarch s.r.o., Ölvecky R.",Pamarch s.r.o.,,"Stredovek-neskorý, Novovek","ST-ne, NV-16, NV-17, NV-18, NV-19",sídlisko,"Stredovek - neskorý - sídlisko, Novovek - 16. storočie - sídlisko, Novovek - 17. storočie - sídlisko, Novovek - 18. storočie - sídlisko, Novovek - 19. storočie - sídlisko",1,1,-1330410.477,-502385.7599,malá
č.a. 31279,21051,2024,2023,nálezová správa - externá,Dunajská Streda,Dunajská Streda,"Rozšírenie areálu Metrans /Danubia, a.s., p.č. 1962/4,5, 1963/308,495,848",Dunajská Streda,Ölvecky R.,"Pamarch s.r.o., Ölvecky R.",Pamarch s.r.o.,,"Pravek, Doba rímska, Novovek","PK, RI, NV",neurčiteľné,"Pravek - neurčiteľné, Doba rímska - neurčiteľné, Novovek - neurčiteľné",1,1,-1302656.739,-537312.6165,malá
č.a. 31280,21052,2024,2023,nálezová správa - externá,Križovany nad Dudváhom,Križovany nad Dudváhom,"IBV Križovany nad Dudváhom B lokalita: PANSKÉ TABLY, etapa 1. 10 RD, p.č. 2288/72,75,28, 124, 2288/424",Trnava,Iván R.,"Pamarch s.r.o., Iván R.",Pamarch s.r.o.,,negatívne,negatívne,,,1,1,-1265663.096,-531647.0069,malá
č.a. 31281,21053,2024,2023,nálezová správa - externá,Želiezovce,Želiezovce,"Novostavba haly drevovýroby, Letná ul., p.č. 2401/7",Levice,Iván R.,"Pamarch s.r.o., Iván R.",Pamarch s.r.o.,,negatívne,negatívne,,,1,1,-1302701.962,-460349.5543,malá
č.a. 31282,21054,2024,2023,nálezová správa - externá,Lužianky,Lužianky,"West park Lužianky – technická infraštruktúra, Squarebizz Nitra, Vedľa Kapitulského, ulica Čerešňová a Lipová, p.č. 2073/11,48",Nitra,Žaár O.,"Pamarch s.r.o, Žaár O., Žaárová Ľ.",Pamarch s.r.o.,,Novovek,"NV-19, NV-20",sídlisko,"Novovek - 19. storočie - sídlisko, Novovek - 20. storočie - sídlisko",1,1,-1267441.088,-504100.451,malá
č.a. 31283,21055,2024,2021,nálezová správa - externá,Turčianske Jaseno,Turčianske Jaseno,"Galov diel, p.č. 1052/2, 1052/1, 516/1",Martin,Furman M.,"PÚ SR ZA, Furman M., Oporosková S., Benediková L., Both M.",PÚ SR ZA,,Novovek,NV,sídlisko opevnené,Novovek - sídlisko opevnené,1,1,-1196599.969,-423020.5519,malá
č.a. 31284,21055,2024,2021,nálezová správa - externá,Turčianske Jaseno,Turčianske Jaseno,"Tisové, p.č. 1048, 1049, 1050",Martin,Furman M.,"PÚ SR ZA, Furman M., Oporosková S., Benediková L., Both M.",PÚ SR ZA,,Doba laténska-púchovská,LT-pu,sídlisko opevnené,Doba laténska - púchovská - sídlisko opevnené,1,1,-1196520.507,-422091.4397,malá
č.a. 31285,21056,2024,"2022, 2023",nálezová správa - externá,Banská Štiavnica,Banská Štiavnica,"Vodárenska 42. RD kópia baníckeho domu, p.č. 3288, 3289",Banská Štiavnica,Kvietková V.,"Midland Adventure, s. r.o., Kvietok M., Kvietková V., Tomášik R.","Midland Adventure, s. r.o.",,Novovek,"NV-18, NV-19",sídlisko,"Novovek - 18. storočie - sídlisko, Novovek - 19. storočie - sídlisko",1,1,-1257279.093,-438786.6442,malá
č.a. 31286,21057,2024,"2022, 2023",nálezová správa - externá,Radvaň,Banská Bystrica,"RD s trojgarážou a skladom, p.č. 2848, 2849",Banská Bystrica,Molota T.,"Midland Adventure, s. r.o., Kvietok M., Pinter R., Tomášik R.","Midland Adventure, s. r.o.",,Novovek,NV-19,sídlisko,Novovek - 19. storočie - sídlisko,1,1,-1230513.774,-420359.1569,malá
č.a. 31287,21058,2024,"2022, 2023",nálezová správa - externá,Dolná Ždaňa,Dolná Ždaňa,Hlinické Pohronie – zásobovanie pitnou vodou obcí Horná a Dolná Ždaňa a Lovča,Žiar nad Hronom,Kvietok M.,"Midland Adventure, s. r.o., Kvietok M., Pinter R., Tomášik R.","Midland Adventure, s. r.o.",,negatívne,negatívne,,,1,1,-1246934.854,-447736.4056,malá
č.a. 31288,21059,2024,"2022, 2023",nálezová správa - externá,Rožňava,Rožňava,"Rekonštrukcia Šafárikovej ulice – II. etapa, p.č. 2226/1, 2236/2, 2222/1-3, 2223, 2224, 1/1, 1/2, 2226/4",Rožňava,Molota T.,"Midland Adventure, s. r.o., Kvietok M., Molota T.","Midland Adventure, s. r.o.",,Novovek,NV,sídlisko,Novovek - sídlisko,1,1,-1243503.288,-316518.1665,malá
č.a. 31289,21060,2024,2022,nálezová správa - externá,Špania Dolina,Špania Dolina,"Rekonštrukcia baníckeho domu, p.č. 206",Banská Bystrica,Kvietková V.,"Midland Adventure, s. r.o., Kvietok M., Kvietková V., Molota T.","Midland Adventure, s. r.o.",,Novovek,NV-17,sídlisko,Novovek - 17. storočie - sídlisko,1,1,-1220655.606,-418424.474,malá
č.a. 31290,21061,2024,2022,nálezová správa - externá,Dolná Strehová,Dolná Strehová,"Rekreačná chata, p.č. 1103/28-31",Veľký Krtíš,Kvietková V.,"Midland Adventure, s. r.o., Kvietok M., Kvietková V.","Midland Adventure, s. r.o.",,Pravek,PK,,Pravek - sídlisko,1,1,-1283064.654,-397358.7817,malá
č.a. 31291,21062,2024,"2022, 2023",nálezová správa - externá,Banská Bystrica,Banská Bystrica,"Obnova „meštianskeho domu“ na Nám. SNP č. 9, p.č. 1477",Banská Bystrica,Kvietková V.,"Midland Adventure, s. r.o., Kvietok M., Kvietková V.","Midland Adventure, s. r.o.",,"Stredovek, Novovek","ST-15, NV-16",sídlisko,"Stredovek - 15. storočie - sídlisko, Novovek - 16. storočie - sídlisko",1,1,-1228633.581,-417865.7741,malá
č.a. 31292,21063,2024,2023,nálezová správa - externá,Nesvady,Nesvady,Technická vybavenosť IBV 63 RD,Komárno,Kvietok M.,"Midland Adventure, s. r.o., Kvietok M., Kvietková V., Felcan M.","Midland Adventure, s. r.o.",,"Neolit, Eneolit, Doba bronzová, Novovek","NE, EN, BZ, NV",sídlisko,"Neolit - sídlisko, Eneolit - sídlisko, Doba bronzová - sídlisko, Novovek - sídlisko",1,1,-1311628.864,-499478.6532,malá
č.a. 31293,21064,2024,2023,nálezová správa - externá,Šafárikovo,Tornaľa,"Pošta Tornaľa-rekonštrukcia strechy a zateplenie fasády, p.č. 1173/1",Revúca,Kvietok M.,"Midland Adventure, s. r.o., Kvietok M., Pinter R., Tomášik R.","Midland Adventure, s. r.o.",,Pravek,PK,neurčiteľné,Pravek - neurčiteľné,1,1,-1269140.26,-333356.5493,malá
č.a. 31294,21065,2024,2023,nálezová správa - externá,Banská Bystrica,Banská Bystrica,"Havária vodovodnej prípojky, Námestie Š. Moysesa, p.č. 5419/3, 7/1",Banská Bystrica,Kvietok M.,"Midland Adventure, s. r.o., Kvietok M., Pinter R.","Midland Adventure, s. r.o.",,"Stredovek-15.stor., Novovek","ST-15, NV",sídlisko opevnené,"Stredovek - 15. storočie - sídlisko opevnené, Novovek - sídlisko opevnené",1,1,-1228348.05,-417660.1363,malá
č.a. 31295,21066,2024,2023,nálezová správa - externá,Hájniky,Sliač,"OC Billa, p.č. 646/45",Zvolen,Molota T.,"Midland Adventure, s. r.o., Kvietok M., Kvietková V., Molota T., Tomášik R.","Midland Adventure, s. r.o.",,Stredovek-15.stor.,ST-15,neurčiteľné,Stredovek - 15. storočie - neurčiteľné,1,1,-1242341.539,-420115.6849,malá
č.a. 31296,21067,2024,2023,nálezová správa - externá,Hájniky,Sliač,Inžinierske siete Sliač Hájniky – JUH – Sielnický potok,Zvolen,Kvietková V.,"Midland Adventure, s. r.o., Kvietok M., Kvietková V., Molota T., Tomášik R.","Midland Adventure, s. r.o.",,"Stredovek-15.stor., Novovek-19.stor.","ST-15, NV-19",neurčiteľné,"Stredovek - 15. storočie - neurčiteľné, Novovek - 19. storočie - neurčiteľné",1,1,-1242371.599,-419985.8792,malá
č.a. 31297,21068,2024,2023,nálezová správa - externá,Banská Bystrica,Banská Bystrica,"Havária kanalizačnej prípojky, Námestie SNP, p.č. 5505/1",Banská Bystrica,Kvietok M.,"Midland Adventure, s. r.o., Kvietok M., Molota T., Felcan M.","Midland Adventure, s. r.o.",,Novovek,NV,sídlisko,Novovek - sídlisko,1,TRUE,-1228592.955,-417873.0137,malá
č.a. 31298,21069,2024,2023,nálezová správa - externá,Patince,Patince,"Kostol sv. Vendelína, 1. etepa, p.č. 4494, 4495",Komárno,Molota T.,"Midland Adventure, s. r.o., Kvietok M., Pinter R., Tomášik R., Egyudová D.","Midland Adventure, s. r.o.",,"Stredovek, Novovek","ST-13, ST-14, NV-18, NV-19",areál kultový,"Stredovek - 13. storočie - areál kultový, Stredovek - 14. storočie - areál kultový, Novovek - 18. storočie - areál kultový, Novovek - 19. storočie - areál kultový",1,TRUE,-1333931.026,-489444.7035,malá
č.a. 31299,21070,2024,2023,nálezová správa - externá,Nitrianske Pravno,Nitrianske Pravno,"Vodozádržné opatrenia, Námestie SNP, p.č. 1/1, 4/3, 413, 414/1, 6935, 6962...",Prievidza,Kvietok M.,"Midland Adventure, s. r. o., Kvietok M., Pinter R., Tomášik R., Molota T.","Midland Adventure, s. r.o.",,"Stredovek, Novovek","ST-14, ST-15, NV",sídlisko,"Stredovek - 14. storočie - sídlisko, Stredovek - 15. storočie - sídlisko",1,TRUE,-1210519.562,-454112.6359,malá
č.a. 31300,21071,2024,2023,nálezová správa - externá,Banská Bystrica,Banská Bystrica,"Uľanská cesta, garáž a kancerlárske priestory so štúdiom, p.č. 93/3,4",Banská Bystrica,Kvietok M.,"Midland Adventure, s. r. o. ,Kvietok M., Tomášik R., Elgyudová D","Midland Adventure, s. r.o.",,negatívne,negatívne,,,1,TRUE,-1223081.598,-419667.1002,malá
č.a. 31301,21072,2024,2023,nálezová správa - externá,Paňa,Paňa,"Výstavba Bocianie hniezdo, p.č. 5/2,3, 6/1,2, 1225/1,2, 1226/2, 1227/1,2, 1228/301",Nitra,Kvietok M.,"Midland Adventure, s. r. o. ,Kvietok M., Pinter R., Elgyudová D.","Midland Adventure, s. r.o.",,negatívne,negatívne,,,1,TRUE,-1279255.315,-489832.691,malá
č.a. 31302,21073,2024,2023,nálezová správa - externá,Banská Bystrica,Banská Bystrica,"Lazovná ul. č. 43, súp.č. 267,  p.č. 2241/1,2,3",Banská Bystrica,Molota T.,"Midland Adventure, s. r. o. ,Kvietok M.,Tomášik R.","Midland Adventure, s. r.o.",,Novovek,NV-19,neurčiteľné,Novovek - 19. storočie - neurčiteľné,1,TRUE,-1227939.525,-418165.7867,malá
č.a. 31303,21074,2024,2023,nálezová správa - externá,Sklabinský Podzámok,Sklabinský Podzámok,"Hrad Sklabiňa, p.č. 234/10, 234/12",Martin,Kvietok M.,"Midland Adventure, s. r. o. ,Kvietok M., Pinter R., Tomášik R., Elgyudová D.","Midland Adventure, s. r.o.",,"Stredovek, Novovek","ST-15, NV",sídlisko opevnené,"Stredovek - 15. storočie - sídlisko opevnené, Novovek - sídlisko opevnené",1,TRUE,-1192456.052,-424403.1422,malá
č.a. 31304,21075,2024,2023,nálezová správa - externá,Badín,Badín,"RD, p.č. 1244/19, 1244/4, 3196/1, 1100/8",Banská Bystrica,Kvietková V.,"Midland Adventure, s. r. o. ,Kvietok M., Kvietková V.","Midland Adventure, s. r.o.",,nedatovateľné,NX,,nedatovateľné,1,TRUE,-1236761.97,-419806.8502,malá
č.a. 31305,21076,2024,2023,nálezová správa - externá,Galanta,Galanta,"RD, p.č. 5188/138,139,254,255",Galanta,Kvietok M.,"Midland Adventure, s. r. o. ,Kvietok M., Kvietková V., Elgyudová D.","Midland Adventure, s. r.o.",,nedatovateľné,NX,,nedatovateľné,1,TRUE,-1279629.829,-525180.4184,malá
č.a. 31306,21077,2024,2023,nálezová správa - externá,Špania Dolina,Špania Dolina,"Sanácia bodovej závady, cesta III/2410 - 3,770-3900km, p.č. 1206/1",Banská Bystrica,Kvietková V.,"Midland Adventure, s. r. o. ,Kvietok M., Kvietková V., Molota T.","Midland Adventure, s. r.o.",,Novovek,"NV-17, NV-19",neurčiteľné,"Novovek - 17. storočie - neurčiteľné, Novovek - 19. storočie - neurčiteľné",1,TRUE,-1220573.634,-418202.1902,malá
č.a. 31307,21078,2024,2023,nálezová správa - externá,Sielnica,Sielnica,"Za ihriskom, rozšírenie NNK, p.č. 682/1, 683/1, 683/2",Zvolen,Molota T.,"Midland Adventure, s. r. o. ,Kvietok M., Pinter R., Tomášik R., Elgyudová D.","Midland Adventure, s. r.o.",,negatívne,negatívne,,,1,TRUE,-1239672.243,-420841.5674,malá
č.a. 31308,21079,2024,2023,nálezová správa - externá,Čápor,Cabaj - Čápor,"RD+prístrešok, p.č. 472/4, 472/6",Nitra,Kvietková V.,"Midland Adventure, s. r. o. ,Kvietok M., Pinter R., Tomášik R.","Midland Adventure, s. r.o.",,Neolit,NE,sídlisko,Neolit - sídlisko,1,TRUE,-1275660.686,-505107.2629,malá
č.a. 31309,21080,2024,2023,nálezová správa - externá,Špania Dolina,Špania Dolina,"Do kúta, Obnova NKP - dom ľudový, súp.č. 153, p.č. 249, 251, 252, 253",Banská Bystrica,Kvietková V.,"Midland Adventure, s. r. o. ,Tomášik R., Molota T., Elgyudová D.","Midland Adventure, s. r.o.",,Novovek,"NV-17, NV-19",sídlisko,"Novovek - 17. storočie - sídlisko, Novovek - 19. storočie - sídlisko",1,TRUE,-1220467.365,-418311.3509,malá
č.a. 31310,21081,2024,2023,nálezová správa - externá,Šafárikovo,Tornaľa,"ul. Mierová, ul. Škultétyho, ul. Poštová, INS-FTTH-RA-TORN-00",Revúca,Kvietok M.,"Midland Adventure, s. r. o. ,Kvietok M., Molota T., Tomášik R.","Midland Adventure, s. r.o.",,"Doba bronzová-pilinská, Novovek","BZ-pi, NV-18, NV-19",sídlisko,"Doba bronzová - pilinská - sídlisko, Novovek - 18. storočie - sídlisko, Novovek - 19. storočie - sídlisko",1,TRUE,-1269303.115,-333449.6242,malá
č.a. 31311,21082,2024,2023,nálezová správa - externá,Sládkovičovo,Sládkovičovo,"Pri železnici, RD, p.č. 3612/122",Galanta,Kvietok M.,"Midland Adventure, s. r. o. ,Kvietok M., Pinter R., Tomášik R.","Midland Adventure, s. r.o.",,Pravek,PK,sídlisko,Pravek - sídlisko,1,TRUE,-1278580.739,-535054.0208,malá
č.a. 31312,21083,2024,2023,nálezová správa - externá,Banská Štiavnica,Banská Štiavnica,"Ul. Novozámocká 135/6, Obnova NKP dom meštiansky, p.č. 2378/ 2379",Banská Štiavnica,Kvietok M.,"Midland Adventure, s. r. o., Kvietok M., Tomášik R., Molota T., Elgyudová D.","Midland Adventure, s. r.o.",,"Stredovek, Novovek","ST-14, ST-15, NV-16, NV-17, NV-18",sídlisko,"Stredovek - 14. storočie - sídlisko, Stredovek - 15. storočie - sídlisko, Novovek - 16. storočie - sídlisko, Novovek - 17. storočie - sídlisko, Novovek - 18. storočie - sídlisko",1,TRUE,-1257887.714,-438657.2203,malá
č.a. 31313,21084,2024,2023,nálezová správa - externá,Zvolen,Zvolen,"OC OBI Zvolen, Pod Strážou, ZV - Západ, II. etapa, p.č. 3445/52, 120, 124, 109",Zvolen,Kvietok M.,"Midland Adventure, s. r. o., Kvietok M.,Tomášik R.","Midland Adventure, s. r.o.",,negatívne,negatívne,,,1,TRUE,-1245213.787,-422271.3319,malá
č.a. 31314,21085,2024,2023,nálezová správa - externá,Koniarovce,Koniarovce,"RD, p.č. 176/3",Topoľčany,Kvietková V.,"Midland Adventure, s. r. o., Kvietok M., Pinter R., Tomášik R., Elgyudová D.","Midland Adventure, s. r.o.",,Doba rímska,"RI-01, RI-02, RI-03, RI-04",sídlisko,"Doba rímska - 1. storočie - sídlisko, Doba rímska - 2. storočie - sídlisko, Doba rímska - 3. storočie - sídlisko, Doba rímska - 4. storočie - sídlisko",1,TRUE,-1256275.237,-497741.4538,malá
č.a. 31315,21086,2024,2023,nálezová správa - externá,Badín,Badín,"Nad Močidlami, ul. Osloboditeľov, Reštaurácia Koliba, p.č. 1024/1,2,4, 1492/5, 3172/1",Banská Bystrica,Kvietok M.,"Midland Adventure, s. r. o., Molota T., Kvietok M.","Midland Adventure, s. r.o.",,negatívne,negatívne,,,1,TRUE,-1236214.404,-419265.8038,malá
č.a. 31316,21087,2024,2023,nálezová správa - externá,Horná Streda,Horná Streda,"Dolné Pole, Centrum automatizácie a robotizácie automobilovej výroby Horná Streda - II.etapa",Nové Mesto nad Váhom,Kvietok M.,"Midland Adventure, s. r. o., Kvietok M., Kvietková V., Felcan M., Choma M.","Midland Adventure, s. r.o.",,negatívne,negatívne,,,1,TRUE,-1230468.69,-514089.4789,malá
č.a. 31317,21088,2024,2023,nálezová správa - externá,Modrý Kameň,Modrý Kameň,"Hrad Modrý Kameň, ul. Zámocká, obnova mostu, p.č. 2, 4/1",Veľký Krtíš,Molota T.,"Midland Adventure, s. r. o., Molota T., Kvietok M.","Midland Adventure, s. r.o.",,Novovek,NV-16,sídlisko opevnené,Novovek - 16. storočie - sídlisko opevnené,1,TRUE,-1284031.156,-407953.1752,malá
č.a. 31318,21089,2024,2023,nálezová správa - externá,Nováky,Nováky,"Prístupová komunikácia a inžinierske siete, p.č. 586/30, 586/86........",Prievidza,Molota T.,"Midland Adventure, s. r. o., Kvietok M., Pinter R.","Midland Adventure, s. r.o.",,negatívne,negatívne,,,1,TRUE,-1226661.175,-461585.2075,malá
č.a. 31319,21090,2024,2023,nálezová správa - externá,Banská Hodruša,Hodruša - Hámre,"RD a hospodársky objekt, p.č. 869/1, 868/3",Žarnovica,Kvietok M.,"Midland Adventure, s. r. o., Kvietok M., Kvietková V., Elgyudová D.","Midland Adventure, s. r.o.",,Novovek,"NV-17, NV-18, NV-19",neurčiteľné,"Novovek - 17. storočie - neurčiteľné, Novovek - 18. storočie - neurčiteľné, Novovek - 19. storočie - neurčiteľné",1,TRUE,-1256631.676,-444316.2058,malá
č.a. 31320,21091,2024,2023,nálezová správa - externá,Nižná nad Oravou,Nižná,"IBV Nižná - Krivé Hony, p.č. 1164/57-59, 1188/25-30, 1188/32-35",Tvrdošín,Kvietok M.,"Midland Adventure, s. r. o., Kvietok M., Pinter R., Tomášik R.","Midland Adventure, s. r.o.",,Novovek,NV,neurčiteľné,neurčiteľné,1,TRUE,-1166460.311,-385275.167,malá
č.a. 31321,21092,2024,2023,nálezová správa - externá,Špania Dolina,Špania Dolina,"Na pľaci, Vodný Mlyn, Realizácia vodovodnej prípojky, p.č. 308, 319, 311, 314, 1177, 1197",Banská Bystrica,Kvietková V.,"Midland Adventure, s. r. o., Kvietok M., Molota T., Tomášik R.","Midland Adventure, s. r.o.",,Novovek,"NV-16, NV-17, NV-18",sídlisko,"Novovek - 16. storočie - sídlisko, Novovek - 17. storočie - sídlisko, Novovek - 18. storočie - sídlisko",1,TRUE,-1220420.598,-418071.0948,malá
č.a. 31322,21093,2024,2023,nálezová správa - externá,Nové Sady,Nové Sady,"Šafranica, technická infraštruktúry pre 4 RD, p.č. 1105/20,21,31-34",Nitra,Kvietková V.,"Midland Adventure, s. r. o., Kvietok M.,Tomášik R.","Midland Adventure, s. r.o.",,negatívne,negatívne,,,1,TRUE,-1256419.654,-507261.4431,malá
č.a. 31323,21094,2024,2023,nálezová správa - externá,Banská Bystrica,Banská Bystrica,"Kuzmányho ul. 18, p.č. 1535/3",Banská Bystrica,Kvietková V.,"Midland Adventure, s. r. o., Kvietok M., Kvietková V., Elgyudová D., Tomášik R.","Midland Adventure, s. r.o.",,"Stredovek, Novovek","ST-15, NV-16, NV-17, NV-18",sídlisko,"Stredovek - 15. storočie - sídlisko, Novovek - 16. storočie - sídlisko, Novovek - 17. storočie - sídlisko, Novovek - 18. storočia - sídlisko",1,TRUE,-1228847.718,-418073.2294,malá
č.a. 31324,21095,2024,2023,nálezová správa - externá,Banská Štiavnica,Banská Štiavnica,"Námestie Sv. Trojice 6,  NKP Akadémia s areálom, Berggericht, p.č. 3210",Banská Štiavnica,Kvietok M.,"Midland Adventure, s. r. o., Kvietok M.","Midland Adventure, s. r.o.",,"Stredovek, Novovek","ST-15, NV-16, NV-17, NV-18, NV-19",sídlisko opevnené,"Stredovek - 15. storočie - sídlisko opevnené, Novovek - 16. storočie - sídlisko opevnené, Novovek - 17. storočie - sídlisko opevnené, Novovek - 18. storočie - sídlisko opevnené, Novovek - 19. storočie - sídlisko opevnené",1,TRUE,-1257684.078,-438699.9094,malá
č.a. 31325,21096,2024,2023,nálezová správa - externá,Veľké Vozokany,Veľké Vozokany,"IBV Veľké Vozokany, I. etapa, p.č. 5257",Zlaté Moravce,Molota T.,"Midland Adventure, s. r. o., Kvietok M., Pinter R., Tomášik R., Elgyudová D.","Midland Adventure, s. r.o.",,Pravek,PK,sídlisko,Pravek - sídlisko,1,TRUE,-1267426.313,-475179.437,malá
č.a. 31326,21097,2024,2023,nálezová správa - externá,Detva,Detva,"RD, p.č. 7381/26",Detva,Kvietková V.,"Midland Adventure, s. r. o., Kvietok M.,  Elgyudová D.","Midland Adventure, s. r.o.",,negatívne,negatívne,,,1,TRUE,-1250295.028,-399817.4546,malá
č.a. 31327,21098,2024,2023,nálezová správa - externá,Stará Turá,Stará Turá,"Trávniky, Vodovod DN 160, p.č. 4026, 4006/4, 4085/1, 4024",Nové Mesto nad Váhom,Molota T.,"Midland Adventure, s. r. o., Elgyudová D., Molota T.","Midland Adventure, s. r. o.",,negatívne,negatívne,,,1,TRUE,-1212568.647,-523954.1078,malá
č.a. 31328,21099,2024,2023,nálezová správa - externá,Banská Bystrica,Banská Bystrica,"Bašta mestského opevnenia, p.č. 1693/1, 1693/4, 1693/5, 727, 728/, 729/1",Banská Bystrica,Kvietok M.,"Midland Adventure, s. r. o., Kvietok M.,Tomášik R.","Midland Adventure, s. r. o.",,Novovek,"NV-16, NV-17, NV-18",sídlisko opevnené,"Novovek - 16. storočie - sídlisko opevnené, Novovek - 17. storočie - sídlisko opevnené, Novovek - 18. storočie - sídlisko opevnené",1,TRUE,-1228413.098,-418155.83,malá
č.a. 31329,21100,2024,2023,nálezová správa - externá,Šišov,Šišov,"Obytná zóna, lokalita 8.4, p.č. 189/1, 189/2, 188/1",Bánovce nad Bebravou,Kvietková V.,"Midland Adventure, s. r. o., Kvietok M.,  Elgyudová D.","Midland Adventure, s. r. o.",,negatívne,negatívne,,,1,TRUE,-1230999.268,-490369.2195,malá
č.a. 31330,21101,2024,2023,nálezová správa - externá,Svätý Anton,Svätý Anton,"STL pripojovací plynovod, p.č. 4/2, 4/1, 1954/1",Banská Štiavnica,Kvietková V.,"Midland Adventure, s. r. o., Kvietok M.,  Elgyudová D.","Midland Adventure, s. r. o.",,negatívne,negatívne,,,1,TRUE,-1262158.522,-435288.5689,malá
č.a. 31331,21102,2024,2023,nálezová správa - externá,Staré Hory,Staré Hory,"Spriechodnenie migračnej bariéry na Starohorskom potoku r.km 6.960, p.č. 3147/25,....",Banská Bystrica,Kvietok M.,"Midland Adventure, s. r. o., Kvietok M., Pinter R.","Midland Adventure, s. r. o.",,negatívne,negatívne,,,1,TRUE,-1216604.986,-418995.3946,malá
č.a. 31332,21103,2024,2023,nálezová správa - externá,Trnava,Trnava,"Bytový dom Pri aleji, Ulica gen. Goliána, p.č. 8398/1-3, 8399/193, 10546/4",Trnava,Iván R.,"Pamarch s.r.o., Iván R.",Pamarch s.r.o.,,negatívne,negatívne,,,1,TRUE,-1260756.466,-535913.4319,malá
č.a. 31333,21104,2024,2023,nálezová správa - externá,Veľký Meder,Veľký Meder,"Využitie geotermálnej energie na vykurovanie, ul. Železničná, ul. Komárňanská, p.č. 3087,3088/1,3096,3099,3495/2, 3704/3",Dunajská Streda,Žundálek I.,"ARCHAEOJEDI, s.r.o., Gereová M., Žundálek I.","ARCHAEOJEDI, s.ro.",,negatívne,negatívne,,,1,TRUE,-1317503.78,-527460.0452,malá
č.a. 31334,21105,2024,2021,nálezová správa - externá,Podhradie nad Váhom,Podhradie,"Rúbaň, p.č. 1513/1, 292, 293",Martin,Furman M.,"PÚ SR ZA, Furman M., Oporosková S., Benediková L., Both M.",PÚ SR ZA,,"Pravek, Stredovek, Novovek","PK, ST, NV",sídlisko opevnené,"Pravek - sídlisko opevnené, Stredovek - sídlisko opevnené, Novovek - sídlisko opevnené",1,TRUE,-1192546.119,-419788.9611,malá
č.a. 31336,21106,2024,2023,nálezová správa - externá,Ostrov (okres Piešťany),Ostrov,"Hala potravím, p.č. 223/1",Piešťany,Žaár O.,"Pamarch s.r.o., Žaár O., Žaárová Ľ.",Pamarch s.r.o.,,Novovek,"NV-19, NV-20",sídlisko,"Novovek - 19. storočie - sídlisko, Novovek - 20. storočie - sídlisko",1,TRUE,-1231911.362,-519906.622,malá
č.a. 31337,21107,2024,2023,nálezová správa - externá,Veľké Lovce,Veľké Lovce,"Skladová hala, p.č. 1985/58",Nové Zámky,Iván R.,"Pamarch s.r.o., Iván R.",Pamarch s.r.o.,,negatívne,negatívne,,,1,TRUE,-1298673.975,-484553.8107,malá
č.a. 31338,21108,2024,2023,nálezová správa - externá,Nitra I,Nitra,"MULTIDEVELOPMENT Nová Nitra – 2. etapa, Pivovarská ul., p.č. 4564/1, 4579,4582/1,4564/22",Nitra,Iván R.,"Pamarch s.r.o., Iván R.",Pamarch s.r.o.,,Novovek,"NV-18, NV-19",neurčiteľné,"Novovek - 18. storočie - neurčiteľné, Novovek - 19. storočie - neurčiteľné",1,TRUE,-1270311.106,-499925.463,malá
č.a. 31346,21109,2024,2023,nálezová správa - externá,Dunajská Streda,Dunajská Streda," RD, p.č. 1942/98, 1942/108, 1942/109, 1942/142",Dunajská Streda,Bazovský I.,"Archeologické múzeum SNM, Bazovský I.",Archeologické múzeum SNM,,negatívne,negatívne,,,1,TRUE,-1301991.249,-536130.411,malá
č.a. 31347,21110,2024,"2020, 2021, 2022, 2023",nálezová správa - externá,Plavecké Podhradie,Plavecké Podhradie,"OS Pod Hradom, p.č. 2118/72,83,85,95",Malacky,Bartík J.,"Archeologické múzeum SNM, Bartík J.",Archeologické múzeum SNM,,negatívne,negatívne,,,1,TRUE,-1243999.607,-558810.5132,malá
č.a. 31348,21111,2024,2022,nálezová správa - externá,Brezová pod Bradlom,Brezová pod Bradlom,"Štverník, p.č. 3635",Myjava,Jelínek P.,"Archeologické múzeum SNM, Jelínek P.",Archeologické múzeum SNM,,Pravek,PK,,Pravek,1,TRUE,-1226150.465,-538581.8119,malá
č.a. 31349,21112,2024,"2022, 2023",nálezová správa - externá,Záhorská Bystrica I,Bratislava - Záhorská Bystrica,"OD Kaufland, p.č. 364/1, 364/3, 364/4, 364/9, 365, 367/1, 368, 374/1, 374/2, 374/3, 382/1, 382/2, 382/3, 382/4 a 894/72",Bratislava IV,Nagy P.,"Archeologické múzeum SNM, Nagy P.",Archeologické múzeum SNM,,Novovek,NV,,Novovek,1,TRUE,-1269272.975,-578089.9708,malá
č.a. 31350,21113,2024,"2021, 2022",nálezová správa - externá,Horná Mičiná,Horná Mičiná,"Hájny diel, p.č. 566/2",Banská Bystrica,Bartík J.,"Archeologické múzeum SNM, Bartík J., Zachar T., Ušiak P.",Archeologické múzeum SNM,,Eneolit-starý,EN-st,sídlisko,Eneolit - starý - sídlisko,1,TRUE,-1232992.846,-416065.0044,malá
č.a. 31351,21114,2024,2023,nálezová správa - externá,Rimavská Sobota,Rimavská Sobota,"Kurinec, Barátov kút, p.č. 3921/3",Rimavská Sobota,Botoš A.,"Gemersko-Malohontské múzeum, Botoš A.",Gemersko-Malohontské múzeum,,"Doba laténska, Doba rímska, Stredovek, Novovek","LT, RI, ST, NV",sídlisko,"Doba laténska - sídlisko, Doba rímska - sídlisko, Stredovek - sídlisko, Novovek - sídlisko",1,TRUE,-1275218.27,-355238.7105,veľká
č.a. 31176,21115,2023,2023,nálezová správa - interná,Dražovce,Nitra,"Komunitné centrum, p.č. 1581/2, 3/1",Nitra,Milová B.,Milová B.,,33/2023,negatívne,negatívne,,,1,TRUE,-1264451.833,-501195.6535,malá
č.a. 31246,21116,2023,2023,nálezová správa - interná,Lužianky,Lužianky,"Golf Hotel, p.č. 1945/4, 1965/36,37,39",Nitra,Milová B.,Milová B.,,82/2023,negatívne,negatívne,,,1,TRUE,-1266356.256,-505215.0554,malá
č.a. 31145,21117,2023,2023,nálezová správa - interná,Banská Štiavnica,Banská Štiavnica,"Kaplnka sv. Alžbety, p.č. 4109/3, 4109/2, 5735/1,4104",Banská Štiavnica,Gabulová M.,Labuda J.,,23/2023,"Stredovek, Novovek","ST-13, ST-14, ST-15, NV-16, NV-17",areál kultový,,1,TRUE,-1258534.26,-437910.8211,malá
č.a. 30790,21118,2022,"2022, 2023",nálezová správa - interná,Kremnica,Kremnica,"ul. Jula Horvátha (Huty), Supermarket 1k, Športový areál – Kremnica",Žiar nad Hronom,Malček R.,"Malček R., Debnár P., Čierny M.",,19/2022,Novovek,NV,areál výrobný,,1,TRUE,-1231327.969,-435113.8092,malá
č.a. 31352,21119,2024,2007,nálezová správa - interná,Šoporňa,Šoporňa,"Lokalizácia IBV – NSO Šoporňa, komunikácia a inžinierske siete, ul. Poštová, p.č. 248/1, 1518/82",Galanta,Cheben I.,Daňová K.,ArÚ SAV,,negatívne,negatívne,,,1,TRUE,-1273711.913,-519900.0823,malá
č.a. 31353,21120,2024,"2022, 2023",nálezová správa - externá,Čemerné,Vranov nad Topľou,"Rozšírenie vodovodu a kanalizácie, Sadok, p.č. 619, 620, 621, 623, 626, 628/3.....",Vranov nad Topľou,Záhorec Ľ.,"Archeovýskum s.r.o., Záhorec Ľ., Záhorcová E.",Archeovýskum s.r.o.,,negatívne,negatívne,,,1,TRUE,-1222842.592,-232281.156,malá
č.a. 31354,21121,2024,2023,nálezová správa - externá,Čaradice,Čaradice,"IBV Lúky - Čaradice, technická vybavenosť, p.č. 4704, 4707, 4708",Zlaté Moravce,Iván R.,"Pamarch s.r.o., Iván R.",Pamarch s.r.o.,,negatívne,negatívne,,,1,TRUE,-1266068.157,-468314.0016,malá
č.a. 31368,21122,2024,2023,nálezová správa - externá,Pata,Pata,"JRD, rozšírenie ČOV, 822/311, 822/18, 822/296",Galanta,Horváth I.,"Archeocenter s.r.o., Horváth I.",Archeocenter s.r.o.,,Doba laténska,LT,sídlisko,Doba laténska - sídlisko,1,FALSE,,,malá
č.a. 31355,21123,2024,2024,nálezová správa - interná,Lužianky,Lužianky,"Kajsianske lúky, Výrobno-skladové haly S, 2. etapa, p.č. 2860/1",Nitra,Vangľová T.,Vangľová T.,ArÚ SAV,8/2024,negatívne,negatívne,,,1,TRUE,-1266568.544,-502083.4401,malá
č.a. 31231,21124,2023,2023,nálezová správa - interná,Trstín,Trstín,"Pri trnavskej ceste, Oprava koróznych vád a anomálnych zvarov potrubia DN1200, p.č. 281/1, 1120/1",Trnava,Bobek P.,Bobek P.,,73/2023,Eneolit-lengyelská IV,"EN-ls, NV",sídlisko,,1,TRUE,-1241966.223,-543202.189,malá
č.a. 31251,21125,2023,2023,nálezová správa - interná,Zvolen,Zvolen,"Zámok, vonkajšie nádvorie - výmena kanalizácie, p.č. 1129/13",Zvolen,Beljak J.,"Beljak J., Debnár P.",,87/2023,"Stredovek, Novovek","ST, NV",sídlisko opevnené,,1,TRUE,-1246421.326,-420479.5656,malá
č.a. 31075,21126,2023,2023,nálezová správa - interná,Ostrá Lúka,Ostrá Lúka,"Hradisko Gunda, p.č. 1328, 1331",Zvolen,Beljak J.,"Beljak J., Debnár P.",,17/2023,Doba bronzová,BZ,sídlisko opevnené,,1,TRUE,-1247294.513,-425290.5506,malá
č.a. 31165,21127,2023,2023,nálezová správa - interná,Šoporňa,Šoporňa,"INS_FTTH_SRED_01_Šoporňa_II.časť, Ulice Dukelská, Kollárova, Komenského, M. Nešporu....",Galanta,Daňová K.,Daňová K.,,30/2023,Novovek,"NV-18, NV-19",neurčiteľné,,1,TRUE,-1273656.276,-520157.0067,malá
č.a. 31183,21128,2023,2023,nálezová správa - interná,Iža,Iža,"Leányvár, Vojenský tábor - kastel, p.č. 1704/1,4",Komárno,Rajtár J.,"Rajtár J., Daňová K.",,40/2023,Doba rímska,RI,sídlisko,,1,TRUE,-1332725.519,-496652.0355,veľká
č.a. 29295,21129,2017,2017,nálezová správa - interná,Hviezdoslavov,Hviezdoslavov,"Poľný tábor, Planá, Čerešňová, p.č. 155/47",Dunajská Streda,Rajtár J.,Rajtár J.,,75/2017,Doba rímska,RI-02,sídlisko,,1,TRUE,-1291798.97,-556954.9661,malá
č.a. 31180,21130,2023,2023,nálezová správa - interná,Banská Štiavnica,Banská Štiavnica,"Novostavba kópie baníckeho domu, Horná ružová 16, p.č. 3519, 3521",Banská Štiavnica,Fottová E.,"Fottová E., Labuda J., Debnár P.",,37/2023,negatívne,negatívne,,,1,TRUE,-1257640.841,-438428.064,malá
č.a. 31268,21131,2024,2024,nálezová správa - interná,Nemecký Svodín,Svodín,Busahegy,Nové Zámky,Pavúková V.,Hukeľová Z.,,,Lengyelská,,,,3,TRUE,-1316085.364,-472288.6391,veľká
č.a. 31375,21132,2024,2023,nálezová správa - externá,Mlynárce,Nitra,"Areál Štúrova, p.č. 221/27, 221/30-35, 221/179, 221/180, 221/131",Nitra,Žaár O.,"Pamarch s.r.o., Žaár O., Žaárová Ľ.",Pamarch s.r.o.,,negatívne,negatívne,,,1,TRUE,-1268144.01,-502638.4541,malá
č.a. 31376,21133,2024,2023,nálezová správa - externá,Zobor,Nitra,"Prístavba a stavebné úpravy hydraulického laboratória KKI SPU v Nitre, p.č. 4582, 4584, 4579, 4585/ 1, 4594/3, 4585/2",Nitra,Žaár O.,"Pamarch s.r.o., Žaár O., Žaárová Ľ.",Pamarch s.r.o.,,"Doba bronzová, Novovek","BZ-st, NV-19, NV-20",sídlisko,"Doba bronzová - stará - sídlisko, Novovek - 19. storočie - sídlisko, Novovek - 20. storočie - sídlisko",1,TRUE,-1268020.636,-498684.4546,malá
č.a. 31359,21134,2024,2024,nálezová správa - interná,Lukáčovce,Lukáčovce,"Jutrá, lok. 2, p.č. 1495/2",Nitra,Fusek G.,Fusek G.,ArÚ SAV,12/2024,Nedatovateľné,NX,sídlisko,Nedatovateľné - sídlisko,1,TRUE,-1258898.7,-510255.5736,malá
č.a. 31360,21135,2024,2024,nálezová správa - interná,Lukáčovce,Lukáčovce,"Farské, lok. 20, p.č. 1495/1",Nitra,Fusek G.,Fusek G.,ArÚ SAV,13/2024,"Doba bronzová-čakanská, Doba laténska, Stredovek vrcholný","BZ-ca, LT, ST-vr",sídlisko,"Doba bronzová - čakanská - sídlisko, Doba laténska - sídlisko, Stredovek - vrcholný - sídlisko",1,TRUE,-1258200.072,-510819.2699,malá
č.a. 31361,21136,2024,2024,nálezová správa - interná,Lukáčovce,Lukáčovce,"Farské, lok. 21, p.č. 1495/1",Nitra,Fusek G.,Fusek G.,ArÚ SAV,14/2024,Doba laténska,LT,sídlisko,Doba laténska - sídlisko,1,TRUE,-1258405.988,-510729.0188,malá
č.a. 31362,21137,2024,2024,nálezová správa - interná,Lukáčovce,Lukáčovce,"Diely, lok. 25a, p.č. 2031/4",Nitra,Fusek G.,Fusek G.,ArÚ SAV,15/2024,"Doba rímska, Novovek","RI, NV",sídlisko,"Doba rímska - sídlisko, Novovek - sídlisko",1,TRUE,-1260387.216,-508088.4562,malá
č.a. 31363,21138,2024,2024,nálezová správa - interná,Rišňovce,Rišňovce,"Dúle, Pri Dúlskej studienke, sek, 3V, 3S, 3Z, p.č. 510/2, 512",Nitra,Fusek G.,Fusek G.,ArÚ SAV,16/2024,"Doba bronzová, Doba rímska-mladšia, Doba rímska-3.stor., Doba rímska-4.stor.,Novovek","BZ, RI-ml, ST-15, NV-18, NV-19",sídlisko,"Doba bronzová - sídlisko, Doba rímska - mladšia - sídlisko, Doba rímska - 3. storočie - sídlisko, Doba rímska - 4. storočie - sídlisko, Novovek - 18. storočie - sídlisko, Novovek - 19. storočie - sídlisko, Novovek - 20. storočie - sídlisko",1,TRUE,-1263271.719,-512039.0167,malá
č.a. 31364,21139,2024,2024,nálezová správa - interná,Rišňovce,Rišňovce,"Dúle, sektor 1J, južný kút poľa, p.č. 510/2",Nitra,Fusek G.,Fusek G.,ArÚ SAV,17/2024,Doba bronzová-maďarovská,BZ-ma,sídlisko,Doba bronzová - maďarovská - sídlisko,1,TRUE,-1263242.583,-512356.6479,malá
č.a. 31365,21140,2024,2024,nálezová správa - interná,Rišňovce,Rišňovce,"Dúle, sektor 1V, 1J, pozdĺž aleje, p.č. 510/2, 383/6",Nitra,Fusek G.,Fusek G.,ArÚ SAV,18/2024,"Doba bronzová, Doba rímska-mladšia, Novovek","BZ, RI-ml, NV-18, NV-19, NV-20",sídlisko,"Doba bronzová - sídlisko, Doba rímska - mladšia - sídlisko, Doba rímska - 3. storočie - sídlisko, Doba rímska - 4. storočie - sídlisko, Novovek - 18. storočie - sídlisko, Novovek - 19. storočie - sídlisko, Novovek - 20. storočie - sídlisko",1,TRUE,-1263193.669,-512336.3423,malá
č.a. 31377,21141,2024,2023,nálezová správa - externá,Hájniky,Sliač,"RD, p.č. 115/1,2, 116",Zvolen,Hrašková E.,"Ithaka BB, s.r.o., Hrašková E.","Ithaka BB, s.r.o.",,Novovek,NV,sídlisko,Novovek - sídlisko,1,TRUE,-1241530.505,-419346.6082,malá
č.a. 31380,21142,2024,"2020, 2021, 2022",nálezová správa - externá,Šalgočka,Šalgočka,"RD č.9, p.č. 58/2,1, 57/2,5",Galanta,Soročinová L.,"Malokarpatské múzeum v Pezinku, Sabov A.",Malokarpatské múzeum v Pezinku,,"Doba halštatská, Stredovek, Novovek","HA, ST, NV",sídlisko,"Doba halštatská - sídlisko, Stredovek - sídlisko, Novovek - sídlisko",1,TRUE,-1264857.019,-519598.2955,malá
č.a. 31381,21143,2024,2023,nálezová správa - externá,Šamorín,Šamorín,"ul, Gazdovský rad, rekonštrukcia verejného vodovodu",Dunajská Streda,Mlynka M.,"Archeocenter s.r.o., Mlynka M.",Archeocenter s.r.o.,,negatívne,negatívne,,,1,TRUE,-1295112.388,-560092.2673,malá
č.a. 31382,21144,2024,"2020, 2021, 2022, 2023",nálezová správa - externá,Lužianky,Lužianky,Kanalizácia obce III. etapa,Nitra,Iván R.,"Pamarch, s.r.o., Iván R.",Archeocenter s.r.o.,,negatívne,negatívne,,,1,TRUE,-1263816.834,-503807.0745,malá
č.a. 31386,21145,2024,"2019, 2020, 2021, 2022, 2023",nálezová správa - externá,Modra,Modra,"Kaštieľ a park, Horná ul. č. 20, p.č. 373, 5564/2, 5566/1, 5567, 5568, 5569/1",Pezinok,"Vavák J., Choma Soročinová L.","Malokarpatské múzeum v Pezinku, Choma Soročinová L.",Malokarpatské múzeum v Pezinku,,"Stredovek, Novovek","ST-ne, NV-16, NV-17, NV-18, NV-19","sídlisko, areál výrobný","Stredovek - neskorý - sídlisko, Novovek - 16. storočie - areál výrobný, Novovek - 17. storočie - areál výrobný, Novovek - 18. storočie - areál výrobný, Novovek - 19. storočie - areál výrobný, Novovek 20. storočie - areál výrobný",1,TRUE,-1260540.637,-556471.286,veľká
č.a. 31387,21146,2024,2024,nálezová správa - interná,Kečovo,Kečovo,Jaskyňa Čertova diera,Rožňava,Soják M.,Štolcová T.,ArÚ SAV,,,,,Stredovek - 13. storočie,1,TRUE,-1201806.838,-327115.5979,malá
č.a. 31392,21147,2024,2020,nálezová správa - externá,Švábovce,Švábovce,"IBV Sad, p.č. 3/24,31,61,73",Poprad,"Hudáková M., Kučerová M.","Múzeum v Kežmarku, Kučerová M., Múzeum Spiša, Hudáková M., Hudák M.","Múzeum v Kežmarku, Múzeum Spiša",,"Stredovek, Novovek","ST-13, ST-14, ST-15, NV-17",sídlisko,"Stredovek - 13. storočie - sídlisko, Stredovek - 14. storočie - sídlisko, Stredovek - 15. storočie - sídlisko, Novovek - 17. storočie - sídlisko",1,TRUE,-1295153.011,-560044.1105,veľká
č.a. 31393,21148,2024,2017,nálezová správa - externá,Kežmarok,Kežmarok,"Wellness Hviezdoslav, Kostolné námestie Kežmarok, NKP dom, p.č. 367, 368",Kežmarok,Kučerová M.,"Múzeum v Kežmarku, Kučerová M.",Múzeum v Kežmarku,,"Stredovek, Novovek","ST-ne, NV-16, NV-17, NV-18, NV-19",sídlisko,"Stredovek neskorý - sídlisko, Novovek - 16. storočie - sídlisko, Novovek - 17. storočie - sídlisko, Novovek - 18. storočie - sídlisko, Novovek - 19. storočie - sídlisko",1,TRUE,-1190143.457,-320925.3142,veľká
č.a. 31394,21149,2024,"2012, 2020",nálezová správa - externá,Kežmarok,Kežmarok,"Objekt č. 33 na Hlavnom námestí, p.č. 366/1",Kežmarok,Kučerová M.,"Múzeum v Kežmarku, Kučerová M.",Múzeum v Kežmarku,,"Stredovek, Novovek","ST-14, ST-15, NV-16, NV-17, NV-18, NV-19",sídlisko,"Stredovek - 14. storočie - sídlisko, Stredovek - 15. storočie - sídlisko, Novovek - 16. storočie - sídlisko, Novovek - 17. storočie - sídlisko, Novovek - 18. storočie - sídlisko, Novovek - 19. storočie - sídlisko",1,TRUE,-1190157.578,-320936.5997,veľká
č.a. 31395,21150,2024,2022,nálezová správa - externá,Kežmarok,Kežmarok,"Kušnierska brána349/2, p.č. 101",Kežmarok,Kučerová M.,"Múzeum v Kežmarku, Kučerová M.",Múzeum v Kežmarku,,"Stredovek, Novovek","ST-13, ST-14, ST-15, NV-18, NV-19",sídlisko,"Stredovek - 13. storočie - sídlisko, Stredovek - 14. storočie - sídlisko, Stredovek - 15. storočie - sídlisko, Novovek - 18. storočie - sídlisko, Novovek - 19. storočie - sídlisko",1,TRUE,-1190102.951,-321198.4889,veľká
č.a. 31396,21151,2024,2023,nálezová správa - externá,Kežmarok,Kežmarok,"Kežmarok-Spišská Belá, Optická sieť HGdata",Kežmarok,Kučerová M.,"Múzeum v Kežmarku, Kučerová M.",Múzeum v Kežmarku,,negatívne,negatívne,,,1,TRUE,-1187209.403,-319815.834,veľká
č.a. 31397,21152,2024,2020,nálezová správa - externá,Veľká Lomnica,Veľká Lomnica,"Kostol sv. Kataríny, chodník, p.č. 1/1",Kežmarok,Kučerová M.,"Múzeum v Kežmarku, Kučerová M.",Múzeum v Kežmarku,,"Stredovek, Novovek",NV-19,pohrebisko,"Stredovek - pohrebisko, Novovek - 19. storočie - pohrebisko",1,TRUE,-1192700.746,-326131.1667,malá
č.a. 31398,21153,2024,2021,nálezová správa - externá,Dravce,Dravce,"Kostol Sv. Alžbety, p.č. 1",Levoča,Kučerová M.,"Múzeum v Kežmarku, Kučerová M.",Múzeum v Kežmarku,,"Stredovek, Novovek","ST-12, ST-13, ST-14, ST-15, NV-16, NV-17, NV-18","areál kultový, pohrebisko","Stredovek - areál kultový, Stredovek - pohrebisko, Novovek - areál kultový, Novovek - pohrebisko",1,TRUE,-1203441.096,-317638.0098,veľká
č.a. 31401,21154,2024,"2023, 2024",nálezová správa - externá,Modrany,Modrany,"FTVE, p.č. 3537/2",Komárno,Iván R.,"Pamarch s.r.o., Iván R.",,,negatívne,negatívne,,,1,TRUE,-1325746.566,-483309.0605,malá
č.a. 31402,21155,2024,2023,nálezová správa - externá,Trnava,Trnava,"Kopánka, RD, p.č. 4022/444",Trnava,Ölvecky R.,"Pamarch s.r.o., Ölvecky",,,"Doba halštatská, Doba laténska, Novovek, Nedatovateľné","HA, LT, NV, NX",sídlisko,,1,TRUE,-1256451.866,-535792.1462,malá
č.a. 31055,21156,2023,2023,nálezová správa - interná,Sereď,Sereď,"Nákupné centrum Prúdy, p.č. 3849/1,10,218,259–272, 559, 560/201",Galanta,Bobek P.,"Bobek P., Murín I.",,6/2023,"Pravek, Eneolit-mladý, Stredovek, Stredovek-vrcholný, Novovek, Nedatovateľné","PK, EN-ml, ST, ST-vr, NV, NV-18, NV-19, NV-20, NX","sídlisko, neurčiteľné",,1,TRUE,-1267639.803,-526192.3539,veľká
č.a. 31235,21157,2023,"2023, 2024",nálezová správa - interná,Veľké Janíkovce,Nitra,"Horné lúky, Obnova strojnotechnologickej časti HSČ, p.č. 1089/4",Nitra,Bobek P.,Bobek P.,,75/2023,Nedatovateľné,NX,sídlisko,,1,TRUE,-1272986.948,-498247.8536,malá
č.a. 29636,21158,2018,2018,nálezová správa - interná,Úľany nad Žitavou,Úľany nad Žitavou,"Dolné Diely, p.č. 961/1",Nové Zámky,Cheben I.,"Cheben I., Bistáková A., Furholt M.",,72/2018,"Neolit-lin.ker.ml., Ne-želiezovská","NE-lm, NE-ze",sídlisko,,1,TRUE,-1293625.355,-490265.6895,malá
č.a. 31208,21159,2023,2023,nálezová správa - interná,Topoľčianky,Topoľčianky,"SO 05 elektrifikácia a osvetlenie parku, p.č. 332/3, 341/2,4,5, 361/1,2..",Zlaté Moravce,Milová B.,"Milová B., Nezvalová L.",,43/2023,Eneolit-badenská,EN-ba,neurčiteľné,,1,TRUE,-1258992.051,-474268.1196,malá
č.a. 31230,21160,2023,2023,nálezová správa - interná,Topoľčianky,Topoľčianky,"Park, SO 04, rekonštrukcia oplotenia parku, p.č. 361/1",Zlaté Moravce,Milová B.,"Milová B., Nezvalová L.",,72/2023,negatívne,negatívne,,,1,TRUE,-1259039.822,-474536.043,malá
č.a. 31167,21161,2023,2023,nálezová správa - interná,Pác,Cífer,"Archeopark Cífer Pác, p.č. 324, 326, 333",Trnava,Milová B.,"Milová B., Nezvalová L.",,31/2023,negatívne,negatívne,,,1,TRUE,-1266255.081,-541947.1432,malá
č.a. 30772,21162,2022,"2022, 2023",nálezová správa - interná,Chrenová,Nitra,"Bytový dom, Za Humnami, p.č. 306-310",Nitra,Milová B.,"Milová B., Nezvalová L.",,5/2022,negatívne,negatívne,,,1,TRUE,-1269054.939,-497754.9696,malá
č.a. 31218,21163,2023,2023,nálezová správa - interná,Želiezovce,Želiezovce,"Okrúhly majer, p.č. 4314/1",Levice,Cheben M.,"Cheben M., Chebenová P.",,68/2023,"Doba laténska, Doba rímska","LT, RI","sídlisko, pohrebisko",,1,TRUE,-1300872.408,-466131.7053,malá
č.a. 31384,21164,2024,2024,nálezová správa - interná,Tekovské Lužany,Tekovské Lužany,"Veľká Pažiť, Veľký Chlm",Levice,Cheben M.,"Cheben M., Chebenová P.",ArÚ SAV,30/2024,"Doba laténska, Doba rímska, Stredovek","LT, RI, ST",sídlisko,"Doba laténska - sídlisko, Doba rímska - sídlisko, Stredovek - sídlisko",1,TRUE,-1299649.474,-467053.8242,malá
č.a. 31356,21165,2024,2024,nálezová správa - interná,Ostrá Lúka,Ostrá Lúka,"Kostol Zjavenia pána, p.č. 213",Zvolen,Beljak J.,"Beljak J., Debnár P.",ArÚ SAV,9/2024,"Stredovek, Novovek","ST, NV",areál kultový,"Stredovek - areál kultový, Novovek - areál kultový",1,TRUE,-1249138.382,-425963.4939,malá
č.a. 31034,21166,2023,2023,nálezová správa - interná,Valaliky,Valaliky,"Strategické územie Valaliky, VIP 1, p.č. 1300/164",Košice - okolie,"Luštíková L., Vojteček M., Cheben M.","Luštíková L., Vojteček M., Cheben M., Gašpar A.",,1/2023,"Eneolit, Doba bronzová, Doba halštatská, Doba rímska, Stredovek","EN-ba, BZ, HA-vg, RI-ne, ST-10, ST-vc, ST-vr","sídlisko, pohrebisko",,1,TRUE,-1249035.256,-261271.5846,veľká
č.a. 31403,21167,2024,"2022, 2023",nálezová správa - externá,Bánov,Bánov,"Rozšírenie kanalizácie II., III., IV. etapa",Nové Zámky,Žaár O.,"Pamarch s.r.o., Žaár O., Žaárová Ľ.",,,"Pravek, Neolit, Doba rímska, Novobek","PK, NE-lg, RI, NV-16, NV-17, NV-18, NV-19, NV-20",sídlisko,,1,TRUE,-1299301.267,-494133.1655,veľká
č.a. 31406,21168,2024,2023,nálezová správa - externá,Stráže nad Myjavou,Šaštín - Stráže,"RD, p.č. 294/20",Senica,Ölvecky R.,"Pamarch s.r.o., Ölvecky R.",,,"Stredovek, Novovek","ST-13, NV-20","nález ojedinelý, sídlisko",,1,TRUE,-1226113.039,-565605.6873,malá
č.a. 31412,21169,2024,"2022, 2023",nálezová správa - externá,Revúca,Revúca,"Premena Prvého slovenského literárneho gymnázia, Ul. Železničná, p.č. 819, 816/1-4, 817, 818",Revúca,Botoš A.,"Gemersko-Malohontské múzeum, Botoš A.",,,"Novovek-19.stor., Novovek-20.stor.","NV-19, NV-20",neurčiteľné,,1,TRUE,-1239433.848,-347240.4923,veľká
č.a. 31413,21170,2024,2023,nálezová správa - externá,Kyjatice,Kyjatice,"Stará škola-rekonštrukcia-kanalizácia a žumpa, elektrická prípojka NN káblová, p.č. 5, 2/3, 4",Rimavská Sobota,Botoš A.,"Gemersko-Malohontské múzeum, Botoš A.",,,negatívne,negatívne,,,1,TRUE,-1255625.586,-355747.3174,malá
č.a. 31415,21171,2024,"2022, 2023",nálezová správa - externá,Veľké Úľany,Veľké Úľany,"Polyfunkčný objekt, Cintorínska ul., p.š. 194/1-3",Galanta,Horváth I.,"Archeocenter s.r.o., Horváth I.",,,negatívne,negatívne,,,1,TRUE,-1281862.504,-538892.3082,malá
č.a. 31407,21173,2024,2024,nálezová správa - interná,Rimavská Sobota,Rimavská Sobota,"Kľačianské lúky - II.etapa, p.č. 2875/1, 2875/8, 2875/9, 2875/6, 2875/7, 2875/10",Rimavská Sobota,"Vojteček M., Cheben M.",Cheben M.,,38/2024,,,,,1,TRUE,-1269813.542,-358448.1888,malá
č.a. 31408,21174,2024,2023,nálezová správa - interná,Rimavská Sobota,Rimavská Sobota,Kľačanské lúky II. etapa - trafostanica,Rimavská Sobota,"Vojteček M., Cheben M.",Cheben M.,,39/2024,,,,,1,TRUE,-1270357.177,-358551.8088,malá
č.a. 31400,21175,2024,2024,nálezová správa - interná,Trenčianska Teplá,Trenčianska Teplá,"FTTC, Trenčianska Teplá 1150BB, Príles, p.č. 2012/1,4,5,9,11, 1723/4, 2015/2, 2016",Trenčín,Vangľová T.,Vangľová T.,ArÚ SAV,37/2024,negatívne,negatívne,,,1,TRUE,-1198898.4,-489370.3223,malá
č.a. 31209,21176,2023,2023,nálezová správa - interná,Čabradský Vrbovok,Čabradský Vrbovok,"NKP Hrad Čabraď, p.č. 1401/3",Krupina,Debnár P.,"Debnár P., Mordovin M., Rakonczay R.",,63/2023,"Doba bronzová, Stredovek, Novovek","BZ, ST, NV",sídlisko opevnené,,1,TRUE,-1282770.23,-424769.2578,veľká
č.a. 31379,21177,2024,2024,nálezová správa - interná,Nitra I,Nitra,"Horný Palánok, p.č. 55/2, 55/3, 56/1, 56/3",Nitra,Kissová M.,"Kissová M., Bednár P,",ArÚ SAV,28/2024,Novovek-19.stor.,"NV-19, RZ",sídlisko,Novovek - 19. storočie - sídlisko,1,TRUE,-1268675.701,-499305.8169,malá
č.a. 31149,21178,2023,"2023, 2024",nálezová správa - interná,Ipeľské Predmostie,Ipeľské Predmostie,"Novostavba obecných nájomných bytov 16 B. J., p.č. 62/2, 65/4, 74/8,4,5, 79/1-3,5, 80/2, 82/1....",Veľký Krtíš,Debnár P.,Debnár P.,,25/2023,Novovek,"NV-19, NV-20",sídlisko,,1,TRUE,-1302685.781,-430185.5416,malá
č.a. 31053,21179,2023,2023,nálezová správa - interná,Budča,Budča,Konopiská,Zvolen,Beljak J.,Beljak J.,,5/2023,"Pravek, Stredovek, Novovek","EN, BZ, ST, NV",sídlisko,,1,TRUE,-1246730.205,-424841.4829,malá
č.a. 31373,21180,2024,2024,nálezová správa - interná,Veľký Lapáš,Veľký Lapáš,"F2BTS-FO-0142BR, Pri kaplnke, Doliny, Kraliny",Nitra,Bobek P.,Bobek P.,ArÚ SAV,25/2024,negatívne,negatívne,,,1,TRUE,-1272027.502,-493259.8575,malá
č.a. 31256,21181,2023,"2023, 2024",nálezová správa - interná,Topoľčany,Topoľčany,"Škultétyho ulica – rekonštrukcia vodovodu, p.č. 303/1, 304/2",Topoľčany,Milová B.,Milová B.,,89/2023,Novovek,"NV-19, NV-20",sídlisko,,1,TRUE,-1242292.393,-490871.963,malá
č.a. 31345,21182,2024,2024,nálezová správa - interná,Zvolen,Zvolen,"Rekonštrukcia RD, T. G. Masaryka, p.č. 2324/46",Zvolen,Debnár P.,Debnár P.,ArÚ SAV,7/2024,Doba bronzová-lužická,BZ-lu,pohrebisko,Doba bronzová - lužická - pohrebisko,1,TRUE,-1246761.024,-421298.5982,malá
č.a. 31425,21183,2024,2024,nálezová správa - interná,Dvory nad Žitavou,Dvory nad Žitavou,Pri novozámockom chotári,Nové Zámky,Cheben M.,"Cheben M., Chebenová P.",,52/2024,"Doba bronzová, Doba halštatská, Doba laténska, Doba rímska, Stredovek","BZ-ne, HA, LT, RI, ST",sídlisko,,1,TRUE,-1302218.662,-490417.2449,malá
č.a. 31391,21184,2024,2024,nálezová správa - interná,Jasová,Jasová,"F2BTS-FO - 1322BR Jasová“, Pod záhradami, Izbík, Od Kolty",Nové Zámky,Cheben M.,"Cheben M., Chebenová P.",ArÚ SAV,35/2024,negatívne,negatívne,,,1,TRUE,-1306232.293,-481630.8845,malá
č.a. 31378,21185,2024,2024,nálezová správa - interná,Veľký Meder,Veľký Meder,"OC, Mostová ul., p.č. 1462/1",Dunajská Streda,Cheben M.,"Cheben M., Chebenová P.",ArÚ SAV,27/2024,negatívne,negatívne,,,1,TRUE,-1316150.188,-528376.3848,malá
č.a. 30921,21186,2022,"2022, 2023, 2024",nálezová správa - interná,Velčice,Velčice,"Rozšírenie vodovodu a kanalizácie IBV Veľká Stráň, p.č. 209/1; 586/1, 2; 721/2",Zlaté Moravce,Cheben M.,"Bobek P., Cheben M.",,47/2022,Pravek,PK,neurčiteľné,,1,TRUE,-1259290.958,-482364.3098,malá
č.a. 31071,21187,2023,2023,nálezová správa - interná,Valaliky,Valaliky,"Pri Rádiu, nálezisko 2 - Vŕbová pustatina, p.č. 1300/164",Košice - okolie,"Vojteček M., Cheben M.","Gašpar A., Olšav Š., Vojteček M., Cheben M.",,14/2023,"Eneolit-badenská, Doba bronzová-otomanská, Doba bronzová-pilinská, Stredovek","EN-ba, BZ-pi, BZ-ot, ST","sídlisko, pohrebisko",,1,TRUE,-1249064.892,-262332.1925,veľká
č.a. 30919,21188,2022,2022,nálezová správa - interná,Ružín,Malá Lodina,"Za Spáleným vrchom, Skalný previs Miriama, p.č. 288/2",Košice - okolie,"Soják M., Nemergut A.","Soják M., Nemergut A., Lisá L., Hajnalová M., Čeklovský T., Obuch J., Orvošová M., Čejka T.",,45/2022,"Mezolit, Neolit-bukovohorská, Eneolit","ME, NE-bu, EN",sídlisko,,1,TRUE,-1226019.202,-272349.8664,malá
č.a. 31164,21188,2023,2023,nálezová správa - interná,Ružín,Malá Lodina,"Za Spáleným vrchom, Skalný previs Miriama, p.č. 288/2",Košice - okolie,"Soják M., Nemergut A.","Soják M., Nemergut A., Lisá L., Hajnalová M., Čeklovský T., Obuch J., Orvošová M., Čejka T.",,29/2023,"Mezolit, Neolit-bukovohorská, Eneolit","ME, NE-bu, EN",sídlisko,,1,TRUE,-1226019.202,-272349.8664,malá
č.a. 30628,21189,2021,2021,nálezová správa - interná,Staré Mesto,Bratislava - Staré Mesto,Bratislavský hrad,Bratislava I,Murín I.,Murín I.,,92/2021,,,,,1,TRUE,-1281021.86,-574186.6431,malá
č.a. 31192,21190,2023,2022,nálezová správa - interná,Bojná,Bojná,Bojná I,Topoľčany,Murín I.,Murín I.,,48/2023,,,,,1,TRUE,-1235192.261,-503157.3095,malá
č.a. 31193,21191,2023,2022,nálezová správa - interná,Bojná,Bojná,Bojná II,Topoľčany,Murín I.,Murín I.,,49/2023,,,,,1,TRUE,-1233956.841,-501434.4832,malá
č.a. 31195,21192,2023,2022,nálezová správa - interná,Nitrianske Hrnčiarovce,Nitrianske Hrnčiarovce,,Nitra,Murín I.,Murín I.,,51/2023,,,,,1,TRUE,-1266311.69,-496671.8935,malá
č.a. 31197,21193,2023,2022,nálezová správa - interná,Nitra I,Nitra,Hrad,Nitra,Murín I.,Murín I.,,53/2023,,,,,1,TRUE,-1268515.169,-499541.7637,malá
č.a. 31199,21194,2023,2022,nálezová správa - interná,Malé Kozmálovce,Malé Kozmálovce,Hradisko Plešovica,Levice,Murín I.,Murín I.,,55/2023,,,,,1,TRUE,-1274452.632,-468763.4384,malá
č.a. 31200,21195,2023,2022,nálezová správa - interná,Rakša,Rakša,Hradisko,Turčianske Teplice,Murín I.,Murín I.,,56/2023,,,,,1,TRUE,-1210959.335,-434550.5874,malá
č.a. 31203,21196,2023,2022,nálezová správa - interná,Starý Tekov,Starý Tekov,Hradisko,Levice,Murín I.,Murín I.,,59/2023,,,,,1,TRUE,-1279179.402,-466969.2129,malá
č.a. 31423,21197,2024,2024,nálezová správa - interná,Vozokany (okres Topoľčany),Vozokany,"Marhát, JV úpätie",Topoľčany,Pieta K.,Pieta K.,,50/2024,,,,,1,TRUE,-1237516.591,-504382.0537,malá
č.a. 31424,21198,2024,2024,nálezová správa - interná,Nitrianska Blatnica,Nitrianska Blatnica,"Kaplnka sv. Juraja, Kameň",Topoľčany,Pieta K.,Pieta K.,,51/2024,,,,,1,TRUE,-1237995.665,-505779.9236,malá
č.a. 31422,21199,2024,2024,nálezová správa - interná,Bojná,Bojná,"Valy, Heťkova dolina, Dubodiel, V predpolie",Topoľčany,Pieta K.,"Pieta K., Jakubčinová",,49/2024,,,,,1,TRUE,-1235279.734,-502741.7072,malá
č.a. 31456,21200,2024,2024,nálezová správa - externá,Opatová (obec Lučenec),Lučenec,"RD, p.č. 30/2, 31/1",Lučenec,Hrašková E.,"Ithaka BB, s.r.o., Hrašková E.",,,negatívne,negatívne,,,1,TRUE,-1274717.516,-381594.3304,malá
č.a. 31457,21201,2024,2023,nálezová správa - externá,Bohatá,Hurbanovo,"Jednota COOP, Novozámocká č. 48",Komárno,Gereová M.,"ARCHAEOJEDI, s.r.o., Žundálek I.",,,"Pravek, Neolit, Novovek-19.stor.","PK, NE, NV",sídlisko,,1,TRUE,-1316918.871,-495357.9604,malá
č.a. 31458,21202,2024,2023,nálezová správa - externá,Hlohovec,Hlohovec,"IBV Lipiny III, p.č. 7055/1",Hlohovec,Žaár O.,"Pamarch s.r.o., Žaár O., Žaárová Ľ.",,,"Pravek, Novovek","PK, NV-19, NV-20",neurčiteľné,,1,TRUE,-1255579.831,-519683.4718,malá
č.a. 31470,21203,2024,"2022, 2023, 2024",nálezová správa - externá,Ružindol,Ružindol,"FTTH Ružindol, ul. Chalupárska, Slnečná, Voderadská, Hlavná",Trnava,Iván R.,"Pamarch s.r.o., Iván R., Vnuková D.",,,negatívne,negatívne,,,1,TRUE,-1258652.657,-542783.7335,malá
č.a. 31442,21204,2024,2024,nálezová správa - interná,Mlynárce,Nitra,"Pasienok, OD XXXLutz, p.č. 1055/354,357,650,650",Nitra,Vangľová T.,Vangľová T.,,59/2024,negatívne,negatívne,,,1,TRUE,-1267339.552,-501561.9156,malá
č.a. 31446,21205,2024,2024,nálezová správa - interná,Hronské Kľačany,Hronské Kľačany,Prívod vody Čajkov-Hronské Kľačany,Levice,Vangľová T.,Vangľová T.,,63/2024,negatívne,negatívne,,,1,TRUE,-1279309.241,-463639.7406,malá
č.a. 31196,21206,2023,2022,nálezová správa - interná,Iža,Iža,rímsky tábor,Komárno,Murín I.,Murín I.,,52/2023,,,,,1,TRUE,-1332735.805,-496687.0882,malá
č.a. 31198,21207,2023,2022,nálezová správa - interná,Pečenice,Pečenice,val,Levice,Murín I.,Murín I.,,54/2023,,,,,1,TRUE,-1276655.268,-447858.6866,malá
č.a. 31201,21208,2023,2022,nálezová správa - interná,Sereď,Sereď,Horný Čepeň,Galanta,Murín I.,Murín I.,,57/2023,,,,,1,TRUE,-1267622.027,-526193.2762,malá
č.a. 31204,21209,2023,2023,nálezová správa - interná,Valaliky,Valaliky,I. etapa,Košice - okolie,Murín I.,Murín I.,,60/2023,,,,,1,TRUE,-1249744,-260889,malá
č.a. 31205,21210,2023,2023,nálezová správa - interná,Valaliky,Valaliky,II. etapa,Košice - okolie,Murín I.,Murín I.,,61/2023,,,,,1,TRUE,-1248532.54,-261619,malá
č.a. 31206,21211,2023,2022,nálezová správa - interná,Žakýl,Podhorie,Hradisko Žakýl,Banská Štiavnica,Murín I.,Murín I.,,62/2023,,,,,1,TRUE,-1252550,-435200,malá
č.a. 31472,21212,2024,"2020, 2021",nálezová správa - externá,Nitra I,Nitra,"Odkanalizovanie a zachytávanie dažďovej vody z časti strechy budovy KPÚ Nitra na Námestí Jána Pavla II. č. 8, p.č. 34-36",Nitra,"Katkin S,","PÚ SR, Ketkin S., Bisták P., Jaššo F., Kmeťová P., Makarová E., Gróf M.",,,"Pravek, Stredovek, Novovek","PK, ST-13, ST-14, ST-15, NV",sídlisko opevnené,,1,TRUE,-1268479.811,-499359.4508,veľká
č.a. 31473,21213,2024,2022,nálezová správa - externá,Staré Mesto,Bratislava - Staré Mesto,"NKP Vodná veža, Nábr. arm. gen. L. Svobodu 2, p.č. 545/3",Bratislava I,Šimončičová Koóšová P.,"Mestský ústav ochrany pamiatok BA, Šimončičová Koóšová P., Húsenica V.",,,"Pravek, Doba laténska, Stredovek, Nedatovateľné","PK, LT, ST-11, ST-12, ST-13, ST-14, ST-15, NX",sídlisko,,1,TRUE,-1281184.445,-574284.8174,veľká
č.a. 31479,21214,2024,2024,nálezová správa - externá,Veľké Zálužie,Veľké Zálužie,"Skladová hala, ulica Pod kaštieľom, p.č. 2566/11",Nitra,Žaár O.,"Pamarch s.r.o., Žaár O., Žaárová Ľ.",,,"Pravek, Doba bronzová, Doba rímska, Novovek","PK, BZ, RI, NV",sídlisko,,1,TRUE,-1269808.874,-510097.8886,malá
č.a. 31487,21215,2024,2023,nálezová správa - externá,Podolínec,Podolínec,"Ul. Baštova, rekonštrukcia mestského opevnenia, p.č. 541, 543",Stará Ľubovňa,Kučerová M.,"Múzeum v Kežmarku, Kučerová M.",,,"Stredovek, Novovek","ST-14, ST-15, NV-16, NV-17, NV-18, NV-19",sídlisko opevnené,,1,TRUE,-1177280.029,-312755.5841,veľká
č.a. 31488,21216,2024,2024,nálezová správa - externá,Dunajská Streda,Dunajská Streda,"RD, p.č. 1888/444",Dunajská Streda,Takács M.,"Archeocenter s.r.o., Mlynka M.",,,negatívne,negatívne,,,1,TRUE,-1300655.202,-536301.6327,malá
č.a. 31489,21217,2024,2024,nálezová správa - interná,Podhorie,Podhorie,"Dubovec, p.č. 515, Pri ihrisku",Žilina,Bielich M.,Bielich M.,,,"Doba bronzová, Doba laténska, Stredovek","BZ, LT, ST","sídlisko, sídlisko opevnené",,2,TRUE,-1177709.632,-451125.0493,malá
č.a. 31493,21218,2024,"2023, 2024",nálezová správa - externá,Dunajská Streda,Dunajská Streda,"IBV Lipový sad, p.č. 3057/1,2, 3058/1,2, 3059-3061, 3068/2, 3069/2, 3070/1, 3071/1, 3072/1, 3073/1, 3118/42,44,45,53,54,56, 3134/46,180",Dunajská Streda,Mlynka M.,"Archeocenter s.r.o., Mlynka M.",,,Novovek,NV,sídlisko,,1,TRUE,-1301790.938,-538419.3952,malá
č.a. 31166,21219,2023,"2022, 2023",nálezová správa - interná,Tatranská Lomnica,Vysoké Tatry,"Tatranská Lesná, Hradisko 2 - Šiance, p.č. 3275/1,2",Poprad,"Soják M., Ruttkay M.","Soják M., ",,31/2023,"Doba latínska-púchovská, Stredovek-10.stor., Stredovek-12.stor., Stredovek-13.stor.","ST-10, ST-12, ST-13, LT-pu",sídlisko opevnené,,1,TRUE,-1187585.969,-333811.691,malá
č.a. 31399,21220,2024,2024,nálezová správa - interná,Lipovce,Lipovce,"NKP Kostol sv. Juraja, p.č. 1",Prešov,Soják M.,Soják M.,ArÚ SAV,36/2024,"Stredovek, Novovek","ST-14, ST-15, NV-16, NV-17, NV-18, NV-19, NV-20",areál kultový,"Stredovek - 14. storočie - areál kultový, Stredovek - 15. storočie - areál kultový, Novovek - 16. storočie - areál kultový, Novovek - 17. storočie - areál kultový, Novovek - 18. storočie - areál kultový, Novovek - 19. storočie - areál kultový",1,TRUE,-1201026.5,-283322.149,malá
č.a. 31250,21221,2023,"2023, 2024",nálezová správa - interná,Mlynica,Mlynica,"Obytný súbor RD - Pod vodojemom, SO 803/2, preložka VN linky č. 235",Poprad,Soják M.,Soják M.,,86/2023,negatívne,negatívne,,,1,TRUE,-1193522.475,-330080.4463,malá
č.a. 31262,21222,2023,2023,nálezová správa - interná,Silica,Silica,Jaskyňa Silická ľadnica,Rožňava,Soják M.,Soják M.,,90/2023,"Neolit, Doba bronzová-kyjatická, Novovek","NE, BZ-ky, NV-20",sídlisko,,1,TRUE,-1255568.4,-319021.6595,malá
č.a. 31367,21223,2024,2024,nálezová správa - interná,Dvory nad Žitavou,Dvory nad Žitavou,"RD, p.č. 5497/42,123,155",Nové Zámky,Bobek P.,Bobek P.,ArÚ SAV,20/2024,negatívne,negatívne,,,1,TRUE,-1306861.095,-489151.4525,malá
č.a. 31358,21224,2024,2024,nálezová správa - interná,Drženice,Drženice,"Pereš, modernizácie farmy dojníc, p.č. 1386",Levice,Vangľová T.,Vangľová T.,ArÚ SAV,11/2024,negatívne,negatívne,,,1,TRUE,-1276757.797,-455020.3352,malá
č.a. 31421,21225,2024,2024,nálezová správa - interná,Pata,Pata,"RD, p.č. 4222/14",Galanta,Daňová K.,Daňová K.,,48/2024,negatívne,negatívne,,,1,TRUE,-1270482.699,-519037.9755,malá
č.a. 31411,21226,2024,2024,nálezová správa - interná,Zvolen,Zvolen,"Kruhový objazd ul. J. Kollára a cesta 2460, p.č. 4334/3, 4334/19, 5298/2",Zvolen,Debnár P.,Debnár P.,,42/2024,negatívne,negatívne,,,1,TRUE,-1244940.18,-420629.5798,malá
č.a. 31444,21227,2024,2024,nálezová správa - interná,Ostrá Lúka,Ostrá Lúka,"Hradisko Gunda, p.č. 1328",Zvolen,Beljak J.,"Beljak J., Debnár P.",,61/2024,Doba bronzová-pilinská,BZ-pi,sídlisko opevnené,,1,TRUE,-1247294.913,-425281.0648,malá
č.a. 31476,21228,2024,2024,nálezová správa - interná,Banská Štiavnica,Banská Štiavnica,"Bytový dom, rekonštrukcia nehnutelnosti, ul. Dolná-Robotnícka-Tabaková, p.č. 2058, 2066/1, 5738/9, 5740/6,1",Banská Štiavnica,Labuda J.,"Labuda J., Debnár P.",,74/2024,negatívne,negatívne,,,1,TRUE,-1258317.547,-438020.6215,malá
č.a. 31388,21229,2024,2024,nálezová správa - interná,Slovenská Ľupča,Slovenská Ľupča,"Dolné záhumnie, rozšírenie NNK, zahustenie TS, rekonštrukcia VNS, p.č. 534/33,79, 3043, 535/1, 1812/2",Banská Bystrica,Čierny M.,Čierny M.,ArÚ SAV,32/2024,negatívne,negatívne,,,1,TRUE,-1226164.469,-408622.9334,malá
č.a. 31418,21230,2024,2024,nálezová správa - interná,Zvolen,Zvolen,"Pustý hrad - Horný hrad, p.č. 2973/7; 2973/12, 2973/33, 2973/3",Zvolen,Beljak J.,"Beljak J., Čierny M.",,45/2024,"Eneolit, Doba bronzová, Doba laténska, Doba rímska, Stredovek, Novovek","EN-ba, BZ-ml, BZ-ne, LT-ne, ST-vc, RI-ml, ST-12, ST-13, ST-14, ST-15, NV-16, NV-17",sídlisko opevnené,,1,TRUE,-1248256.045,-422012.2254,veľká
č.a. 31435,21231,2024,2024,nálezová správa - interná,Veľké Kostoľany,Veľké Kostoľany,"Ul. Cypriána Majerníka, p.č. 471/1, 473/1-2, 477/2,4",Piešťany,"Źaár O., Bielichová Z.",Bielichová Z.,,,Doba halštatská,HA,pohrebisko,,3,TRUE,-1245016.881,-524392.9695,malá
č.a. 31449,21232,2024,2024,nálezová správa - interná,Želiezovce,Želiezovce,Okrúhly majer,Levice,"Cheben M., Bielichová Z.",Bielichová Z.,,,Doba laténska,LT,pohrebisko,,3,TRUE,-1300871.612,-466160.6243,malá
č.a. 31450,21233,2024,2024,nálezová správa - interná,Hurbanovo,Hurbanovo,Majer Konkoly,Komárno,"Rajtár J., Bielichová Z.",Bielichová Z.,,,Doba halštatská,HA-vg,sídliako,,3,TRUE,-1321108.512,-495962.8673,malá
č.a. 31341,21234,2024,2024,nálezová správa - interná,Jelšovce,Jelšovce,"Bogmaj Laz, výstavba 26 RD, komunikácia, siete, p.č. 600/13",Nitra,Gabulová M.,Gabulová M.,ArÚ SAV,3/2024,"Neolit, Eneolit, Doba bronzová, Doba rímska, Stredovek","NE-lk, EN-ls, BZ-ml, RI, ST-11, ST-12","sídlisko, pohrebisko","Neolit - sídlisko, Eneolit - lengyelská - sídlisko, Doba bronzová - mladá - sídlisko, Doba rímska - sídlisko, Stredovek - 11. storočie - sídlisko, Stredovek - 12. storočie - sídlisko, Neolit - pohrebisko, Eneolit - lengyelská - pohrebisko",1,TRUE,-1261469.276,-501192.4147,veľká
č.a. 31499,21235,2024,2024,nálezová správa - externá,Šaľa,Šaľa,"RETAIL BOX ŠAĽA, ul. Slovenského národného povstania, Kráľovská, Švermova",Šaľa,Iván R.,"Pamarch s.r.o., Iván R.",,,negatívne,negatívne,,,1,TRUE,-1285385.161,-517264.1092,malá
č.a. 31500,21236,2024,2024,nálezová správa - externá,Šaľa,Šaľa,"RETAIL BOX ŠAĽA, ul. Slovenského národného povstania, Kráľovská, Švermova",Šaľa,Iván R.,"Pamarch s.r.o., Iván R.",,,negatívne,negatívne,,,1,TRUE,-1285444.3,-517246.6868,malá
č.a. 31501,21237,2024,"2022, 2023",nálezová správa - externá,Lužianky,Lužianky,"Pri tehelni/Pri majeri, RD, p.č. 1911/8",Nitra,Žaár O.,"Pamarch s.r.o., Žaár O., Žaárová Ľ.",,,negatívne,negatívne,,,1,TRUE,-1264950.223,-504622.4386,malá
č.a. 31502,21238,2024,"2022, 2023",nálezová správa - externá,Dunajská Streda,Dunajská Streda,"Bytový komplex, ALICANTE 2. etapa výstavby, p.č. 2826/347,406, 410, 411, 428-431, 433, 438, 439, 479, 555-559,632-635......",Dunajská Streda,Mlynková K.,"Archeocenter s.r.o., Mlynková K., Mlynka M.",,,negatívne,negatívne,,,1,TRUE,-1302122.78,-538834.7622,malá
č.a. 31503,21239,2024,2023,nálezová správa - externá,Kostolné Kračany,Kostolné Kračany,"Automatizovaný sklad hotových výrobkov, p.č. 257/44,45,47,198,553,556",Dunajská Streda,Mlynková K.,"Archeocenter s.r.o., Mlynková K., Mlynka M.",,,negatívne,negatívne,,,1,TRUE,-1301758.134,-541441.2152,malá
č.a. 31504,21240,2024,2024,nálezová správa - externá,Oravský Podzámok,Oravský Podzámok,"Hrad, Palác hradný II - Korvínov palác, p.č. 1, 2, 4-6",Dolný Kubín,Furman M.,"Oravské múzeum, PÚ SR, Lofajová Danielová B.",,,"Eneolit, Doba bronzová, Doba laténska, Doba rímska, Sťahovanie národov, Stredovek, Novovek","EN, BZ, HA, LT, RI, SN, ST-vc, ST-13, ST-15, NV-16, NV-17, NV-18, NV-19, NV-20, NV-21",,,1,TRUE,-1171261.93,-397972.0746,veľká
č.a. 31506,21241,2024,2023,nálezová správa - externá,Veľký Meder,Veľký Meder,"IBV Okočská cesta III, p.č. 4676/8, 4676/917,  4677/14",Dunajská Streda,Gereová M.,"ARCHAEOJEDY, s.r.o., Gereová M., Gere M.",,,"Neolit-lin.ker.ml, Neolit-želiezovská","NE-lm, NE-ze",sídlisko,,1,TRUE,-1316549.158,-527506.1975,veľká
č.a. 31507,21242,2024,"2023, 2024",nálezová správa - externá,Dvory nad Žitavou,Dvory nad Žitavou,"RD, p.č. 4591, 4592",Nové Zámky,Žaár O.,"Pamarch s.r.o., Žaár O., Žaárová Ľ.",,,negatívne,negatívne,,,1,TRUE,-1304039.138,-489178.0925,malá
č.a. 31510,21243,2024,"2023, 2024",nálezová správa - externá,Lehota pod Vtáčnikom,Lehota pod Vtáčnikom,"INS_FTTH_PD_NVKY_02_Lehota pod Vtáčnikom, intravilán obce",Prievidza,Žaár O.,"Pamarch, s.r.o., Žaár O., Žaárová Ľ.",,,negatívne,negatívne,,,1,TRUE,-1229983.69876,-458166.5378,malá
č.a. 31511,21244,2024,"2022, 2023",nálezová správa - externá,Drahovce,Drahovce,"Splašková kanalizácia, intravilán, sev. extravilán-Trnová, Medzi mostami, Prostredné, Noviny, Samuelová",Piešťany,Žaár O.,"Pamarch, s.r.o., Žaár O., Žaárová Ľ.",,,"Stredovek, Novovek","ST, NV-19, NV-20",sídlisko,,1,TRUE,-1244697.50307,-518484.097051,malá
