Bratislavský;Bratislava I;Bratislava - Staré Mesto
Bratislavský;Bratislava II;Bratislava - Podunajské Biskupice
Bratislavský;Bratislava II;Bratislava - Ružinov
Bratislavský;Bratislava II;Bratislava - Vrakuňa
Bratislavský;Bratislava III;Bratislava - Nové Mesto
Bratislavský;Bratislava III;Bratislava - Rača
Bratislavský;Bratislava III;Bratislava - Vajnory
Bratislavský;Bratislava IV;Bratislava - Devín
Bratislavský;Bratislava IV;Bratislava - Devínska Nová Ves
Bratislavský;Bratislava IV;Bratislava - Dúbravka
Bratislavský;Bratislava IV;Bratislava - Karlova Ves
Bratislavský;Bratislava IV;Bratislava - Lamač
Bratislavský;Bratislava IV;Bratislava - Záhorská Bystrica
Bratislavský;Bratislava V;Bratislava - Čunovo
Bratislavský;Bratislava V;Bratislava - Jarovce
Bratislavský;Bratislava V;Bratislava - Petržalka
Bratislavský;Bratislava V;Bratislava - Rusovce
Bratislavský;Malacky;Borinka
Bratislavský;Malacky;Gajary
Bratislavský;Malacky;Jablonové
Bratislavský;Malacky;Jakubov
Bratislavský;Malacky;Kostolište
Bratislavský;Malacky;Kuchyňa
Bratislavský;Malacky;Láb
Bratislavský;Malacky;Lozorno
Bratislavský;Malacky;Malacky
Bratislavský;Malacky;Malé Leváre
Bratislavský;Malacky;Marianka
Bratislavský;Malacky;Pernek
Bratislavský;Malacky;Plavecké Podhradie
Bratislavský;Malacky;Plavecký Mikuláš
Bratislavský;Malacky;Plavecký Štvrtok
Bratislavský;Malacky;Rohožník
Bratislavský;Malacky;Sološnica
Bratislavský;Malacky;Studienka
Bratislavský;Malacky;Stupava
Bratislavský;Malacky;Suchohrad
Bratislavský;Malacky;Veľké Leváre
Bratislavský;Malacky;Vysoká pri Morave
Bratislavský;Malacky;Záhorie (vojenský obvod)
Bratislavský;Malacky;Záhorská Ves
Bratislavský;Malacky;Závod
Bratislavský;Malacky;Zohor
Bratislavský;Pezinok;Báhoň
Bratislavský;Pezinok;Budmerice
Bratislavský;Pezinok;Častá
Bratislavský;Pezinok;Doľany
Bratislavský;Pezinok;Dubová
Bratislavský;Pezinok;Jablonec
Bratislavský;Pezinok;Limbach
Bratislavský;Pezinok;Modra
Bratislavský;Pezinok;Pezinok
Bratislavský;Pezinok;Píla
Bratislavský;Pezinok;Slovenský Grob
Bratislavský;Pezinok;Svätý Jur
Bratislavský;Pezinok;Šenkvice
Bratislavský;Pezinok;Štefanová
Bratislavský;Pezinok;Viničné
Bratislavský;Pezinok;Vinosady
Bratislavský;Pezinok;Vištuk
Bratislavský;Senec;Bernolákovo
Bratislavský;Senec;Blatné
Bratislavský;Senec;Boldog
Bratislavský;Senec;Čataj
Bratislavský;Senec;Dunajská Lužná
Bratislavský;Senec;Hamuliakovo
Bratislavský;Senec;Hrubá Borša
Bratislavský;Senec;Hrubý Šúr
Bratislavský;Senec;Hurbanova Ves
Bratislavský;Senec;Chorvátsky Grob
Bratislavský;Senec;Igram
Bratislavský;Senec;Ivanka pri Dunaji
Bratislavský;Senec;Kalinkovo
Bratislavský;Senec;Kaplna
Bratislavský;Senec;Kostolná pri Dunaji
Bratislavský;Senec;Kráľová pri Senci
Bratislavský;Senec;Malinovo
Bratislavský;Senec;Miloslavov
Bratislavský;Senec;Most pri Bratislave
Bratislavský;Senec;Nová Dedinka
Bratislavský;Senec;Nový Svet
Bratislavský;Senec;Reca
Bratislavský;Senec;Rovinka
Bratislavský;Senec;Senec
Bratislavský;Senec;Tomášov
Bratislavský;Senec;Tureň
Bratislavský;Senec;Veľký Biel
Bratislavský;Senec;Vlky
Bratislavský;Senec;Zálesie
Trnavský;Dunajská Streda;Báč
Trnavský;Dunajská Streda;Baka
Trnavský;Dunajská Streda;Baloň
Trnavský;Dunajská Streda;Bellova Ves
Trnavský;Dunajská Streda;Blahová
Trnavský;Dunajská Streda;Blatná na Ostrove
Trnavský;Dunajská Streda;Bodíky
Trnavský;Dunajská Streda;Boheľov
Trnavský;Dunajská Streda;Čakany
Trnavský;Dunajská Streda;Čenkovce
Trnavský;Dunajská Streda;Čiližská Radvaň
Trnavský;Dunajská Streda;Dobrohošť
Trnavský;Dunajská Streda;Dolný Bar
Trnavský;Dunajská Streda;Dolný Štál
Trnavský;Dunajská Streda;Dunajská Streda
Trnavský;Dunajská Streda;Dunajský Klátov
Trnavský;Dunajská Streda;Gabčíkovo
Trnavský;Dunajská Streda;Holice
Trnavský;Dunajská Streda;Horná Potôň
Trnavský;Dunajská Streda;Horné Mýto
Trnavský;Dunajská Streda;Horný Bar
Trnavský;Dunajská Streda;Hubice
Trnavský;Dunajská Streda;Hviezdoslavov
Trnavský;Dunajská Streda;Jahodná
Trnavský;Dunajská Streda;Janíky
Trnavský;Dunajská Streda;Jurová
Trnavský;Dunajská Streda;Kľúčovec
Trnavský;Dunajská Streda;Kostolné Kračany
Trnavský;Dunajská Streda;Kráľovičove Kračany
Trnavský;Dunajská Streda;Kútniky
Trnavský;Dunajská Streda;Kvetoslavov
Trnavský;Dunajská Streda;Kyselica
Trnavský;Dunajská Streda;Lehnice
Trnavský;Dunajská Streda;Lúč na Ostrove
Trnavský;Dunajská Streda;Macov
Trnavský;Dunajská Streda;Mad
Trnavský;Dunajská Streda;Malé Dvorníky
Trnavský;Dunajská Streda;Medveďov
Trnavský;Dunajská Streda;Mierovo
Trnavský;Dunajská Streda;Michal na Ostrove
Trnavský;Dunajská Streda;Ňárad
Trnavský;Dunajská Streda;Nový Život
Trnavský;Dunajská Streda;Ohrady
Trnavský;Dunajská Streda;Okoč
Trnavský;Dunajská Streda;Oľdza
Trnavský;Dunajská Streda;Orechová Potôň
Trnavský;Dunajská Streda;Padáň
Trnavský;Dunajská Streda;Pataš
Trnavský;Dunajská Streda;Potônske Lúky
Trnavský;Dunajská Streda;Povoda
Trnavský;Dunajská Streda;Rohovce
Trnavský;Dunajská Streda;Sap
Trnavský;Dunajská Streda;Šamorín
Trnavský;Dunajská Streda;Štvrtok na Ostrove
Trnavský;Dunajská Streda;Topoľníky
Trnavský;Dunajská Streda;Trhová Hradská
Trnavský;Dunajská Streda;Trnávka
Trnavský;Dunajská Streda;Trstená na Ostrove
Trnavský;Dunajská Streda;Veľká Paka
Trnavský;Dunajská Streda;Veľké Blahovo
Trnavský;Dunajská Streda;Veľké Dvorníky
Trnavský;Dunajská Streda;Veľký Meder
Trnavský;Dunajská Streda;Vieska
Trnavský;Dunajská Streda;Vojka nad Dunajom
Trnavský;Dunajská Streda;Vrakúň
Trnavský;Dunajská Streda;Vydrany
Trnavský;Dunajská Streda;Zlaté Klasy
Trnavský;Galanta;Abrahám
Trnavský;Galanta;Čierna Voda
Trnavský;Galanta;Čierny Brod
Trnavský;Galanta;Dolná Streda
Trnavský;Galanta;Dolné Saliby
Trnavský;Galanta;Dolný Chotár
Trnavský;Galanta;Galanta
Trnavský;Galanta;Gáň
Trnavský;Galanta;Horné Saliby
Trnavský;Galanta;Hoste
Trnavský;Galanta;Jánovce
Trnavský;Galanta;Jelka
Trnavský;Galanta;Kajal
Trnavský;Galanta;Košúty
Trnavský;Galanta;Kráľov Brod
Trnavský;Galanta;Malá Mača
Trnavský;Galanta;Matúškovo
Trnavský;Galanta;Mostová
Trnavský;Galanta;Pata
Trnavský;Galanta;Pusté Sady
Trnavský;Galanta;Pusté Úľany
Trnavský;Galanta;Sereď
Trnavský;Galanta;Sládkovičovo
Trnavský;Galanta;Šalgočka
Trnavský;Galanta;Šintava
Trnavský;Galanta;Šoporňa
Trnavský;Galanta;Tomášikovo
Trnavský;Galanta;Topoľnica
Trnavský;Galanta;Trstice
Trnavský;Galanta;Váhovce
Trnavský;Galanta;Veľká Mača
Trnavský;Galanta;Veľké Úľany
Trnavský;Galanta;Veľký Grob
Trnavský;Galanta;Vinohrady nad Váhom
Trnavský;Galanta;Vozokany
Trnavský;Galanta;Zemianske Sady
Trnavský;Hlohovec;Bojničky
Trnavský;Hlohovec;Červeník
Trnavský;Hlohovec;Dolné Otrokovce
Trnavský;Hlohovec;Dolné Trhovište
Trnavský;Hlohovec;Dolné Zelenice
Trnavský;Hlohovec;Dvorníky
Trnavský;Hlohovec;Hlohovec
Trnavský;Hlohovec;Horné Otrokovce
Trnavský;Hlohovec;Horné Trhovište
Trnavský;Hlohovec;Horné Zelenice
Trnavský;Hlohovec;Jalšové
Trnavský;Hlohovec;Kľačany
Trnavský;Hlohovec;Koplotovce
Trnavský;Hlohovec;Leopoldov
Trnavský;Hlohovec;Madunice
Trnavský;Hlohovec;Merašice
Trnavský;Hlohovec;Pastuchov
Trnavský;Hlohovec;Ratkovce
Trnavský;Hlohovec;Sasinkovo
Trnavský;Hlohovec;Siladice
Trnavský;Hlohovec;Tekolďany
Trnavský;Hlohovec;Tepličky
Trnavský;Hlohovec;Trakovice
Trnavský;Hlohovec;Žlkovce
Trnavský;Piešťany;Banka
Trnavský;Piešťany;Bašovce
Trnavský;Piešťany;Borovce
Trnavský;Piešťany;Dolný Lopašov
Trnavský;Piešťany;Drahovce
Trnavský;Piešťany;Dubovany
Trnavský;Piešťany;Ducové
Trnavský;Piešťany;Hubina
Trnavský;Piešťany;Chtelnica
Trnavský;Piešťany;Kočín - Lančár
Trnavský;Piešťany;Krakovany
Trnavský;Piešťany;Moravany nad Váhom
Trnavský;Piešťany;Nižná
Trnavský;Piešťany;Ostrov
Trnavský;Piešťany;Pečeňady
Trnavský;Piešťany;Piešťany
Trnavský;Piešťany;Prašník
Trnavský;Piešťany;Rakovice
Trnavský;Piešťany;Ratnovce
Trnavský;Piešťany;Sokolovce
Trnavský;Piešťany;Šípkové
Trnavský;Piešťany;Šterusy
Trnavský;Piešťany;Trebatice
Trnavský;Piešťany;Veľké Kostoľany
Trnavský;Piešťany;Veľké Orvište
Trnavský;Piešťany;Veselé
Trnavský;Piešťany;Vrbové
Trnavský;Senica;Bílkove Humence
Trnavský;Senica;Borský Mikuláš
Trnavský;Senica;Borský Svätý Jur
Trnavský;Senica;Cerová
Trnavský;Senica;Čáry
Trnavský;Senica;Častkov
Trnavský;Senica;Dojč
Trnavský;Senica;Hlboké
Trnavský;Senica;Hradište pod Vrátnom
Trnavský;Senica;Jablonica
Trnavský;Senica;Koválov
Trnavský;Senica;Kuklov
Trnavský;Senica;Kúty
Trnavský;Senica;Lakšárska Nová Ves
Trnavský;Senica;Moravský Svätý Ján
Trnavský;Senica;Osuské
Trnavský;Senica;Plavecký Peter
Trnavský;Senica;Podbranč
Trnavský;Senica;Prietrž
Trnavský;Senica;Prievaly
Trnavský;Senica;Rohov
Trnavský;Senica;Rovensko
Trnavský;Senica;Rybky
Trnavský;Senica;Sekule
Trnavský;Senica;Senica
Trnavský;Senica;Smolinské
Trnavský;Senica;Smrdáky
Trnavský;Senica;Sobotište
Trnavský;Senica;Šajdíkove Humence
Trnavský;Senica;Šaštín - Stráže
Trnavský;Senica;Štefanov
Trnavský;Skalica;Brodské
Trnavský;Skalica;Dubovce
Trnavský;Skalica;Gbely
Trnavský;Skalica;Holíč
Trnavský;Skalica;Chropov
Trnavský;Skalica;Kátov
Trnavský;Skalica;Kopčany
Trnavský;Skalica;Koválovec
Trnavský;Skalica;Letničie
Trnavský;Skalica;Lopašov
Trnavský;Skalica;Mokrý Háj
Trnavský;Skalica;Oreské
Trnavský;Skalica;Petrova Ves
Trnavský;Skalica;Popudinské Močidľany
Trnavský;Skalica;Prietržka
Trnavský;Skalica;Radimov
Trnavský;Skalica;Radošovce
Trnavský;Skalica;Skalica
Trnavský;Skalica;Trnovec
Trnavský;Skalica;Unín
Trnavský;Skalica;Vrádište
Trnavský;Trnava;Biely Kostol
Trnavský;Trnava;Bíňovce
Trnavský;Trnava;Bohdanovce nad Trnavou
Trnavský;Trnava;Boleráz
Trnavský;Trnava;Borová
Trnavský;Trnava;Brestovany
Trnavský;Trnava;Bučany
Trnavský;Trnava;Buková
Trnavský;Trnava;Cífer
Trnavský;Trnava;Dechtice
Trnavský;Trnava;Dlhá
Trnavský;Trnava;Dobrá Voda
Trnavský;Trnava;Dolná Krupá
Trnavský;Trnava;Dolné Dubové
Trnavský;Trnava;Dolné Lovčice
Trnavský;Trnava;Dolné Orešany
Trnavský;Trnava;Horná Krupá
Trnavský;Trnava;Horné Dubové
Trnavský;Trnava;Horné Orešany
Trnavský;Trnava;Hrnčiarovce nad Parnou
Trnavský;Trnava;Jaslovské Bohunice
Trnavský;Trnava;Kátlovce
Trnavský;Trnava;Košolná
Trnavský;Trnava;Križovany nad Dudváhom
Trnavský;Trnava;Lošonec
Trnavský;Trnava;Majcichov
Trnavský;Trnava;Malženice
Trnavský;Trnava;Naháč
Trnavský;Trnava;Opoj
Trnavský;Trnava;Pavlice
Trnavský;Trnava;Radošovce
Trnavský;Trnava;Ružindol
Trnavský;Trnava;Slovenská Nová Ves
Trnavský;Trnava;Smolenice
Trnavský;Trnava;Suchá nad Parnou
Trnavský;Trnava;Šelpice
Trnavský;Trnava;Špačince
Trnavský;Trnava;Šúrovce
Trnavský;Trnava;Trnava
Trnavský;Trnava;Trstín
Trnavský;Trnava;Vlčkovce
Trnavský;Trnava;Voderady
Trnavský;Trnava;Zavar
Trnavský;Trnava;Zeleneč
Trnavský;Trnava;Zvončín
Trenčiansky;Bánovce nad Bebravou;Bánovce nad Bebravou
Trenčiansky;Bánovce nad Bebravou;Borčany
Trenčiansky;Bánovce nad Bebravou;Brezolupy
Trenčiansky;Bánovce nad Bebravou;Cimenná
Trenčiansky;Bánovce nad Bebravou;Čierna Lehota
Trenčiansky;Bánovce nad Bebravou;Dežerice
Trenčiansky;Bánovce nad Bebravou;Dolné Naštice
Trenčiansky;Bánovce nad Bebravou;Dubnička
Trenčiansky;Bánovce nad Bebravou;Dvorec
Trenčiansky;Bánovce nad Bebravou;Haláčovce
Trenčiansky;Bánovce nad Bebravou;Horné Naštice
Trenčiansky;Bánovce nad Bebravou;Chudá Lehota
Trenčiansky;Bánovce nad Bebravou;Krásna Ves
Trenčiansky;Bánovce nad Bebravou;Kšinná
Trenčiansky;Bánovce nad Bebravou;Libichava
Trenčiansky;Bánovce nad Bebravou;Ľutov
Trenčiansky;Bánovce nad Bebravou;Malá Hradná
Trenčiansky;Bánovce nad Bebravou;Malé Hoste
Trenčiansky;Bánovce nad Bebravou;Miezgovce
Trenčiansky;Bánovce nad Bebravou;Nedašovce
Trenčiansky;Bánovce nad Bebravou;Omastiná
Trenčiansky;Bánovce nad Bebravou;Otrhánky
Trenčiansky;Bánovce nad Bebravou;Pečeňany
Trenčiansky;Bánovce nad Bebravou;Podlužany
Trenčiansky;Bánovce nad Bebravou;Pochabany
Trenčiansky;Bánovce nad Bebravou;Pravotice
Trenčiansky;Bánovce nad Bebravou;Prusy
Trenčiansky;Bánovce nad Bebravou;Ruskovce
Trenčiansky;Bánovce nad Bebravou;Rybany
Trenčiansky;Bánovce nad Bebravou;Slatina nad Bebravou
Trenčiansky;Bánovce nad Bebravou;Slatinka nad Bebravou
Trenčiansky;Bánovce nad Bebravou;Šípkov
Trenčiansky;Bánovce nad Bebravou;Šišov
Trenčiansky;Bánovce nad Bebravou;Timoradza
Trenčiansky;Bánovce nad Bebravou;Trebichava
Trenčiansky;Bánovce nad Bebravou;Uhrovec
Trenčiansky;Bánovce nad Bebravou;Uhrovské Podhradie
Trenčiansky;Bánovce nad Bebravou;Veľké Držkovce
Trenčiansky;Bánovce nad Bebravou;Veľké Hoste
Trenčiansky;Bánovce nad Bebravou;Veľké Chlievany
Trenčiansky;Bánovce nad Bebravou;Vysočany
Trenčiansky;Bánovce nad Bebravou;Zlatníky
Trenčiansky;Bánovce nad Bebravou;Žitná - Radiša
Trenčiansky;Ilava;Bohunice
Trenčiansky;Ilava;Bolešov
Trenčiansky;Ilava;Borčice
Trenčiansky;Ilava;Červený Kameň
Trenčiansky;Ilava;Dubnica nad Váhom
Trenčiansky;Ilava;Dulov
Trenčiansky;Ilava;Horná Poruba
Trenčiansky;Ilava;Ilava
Trenčiansky;Ilava;Kameničany
Trenčiansky;Ilava;Košeca
Trenčiansky;Ilava;Košecké Podhradie
Trenčiansky;Ilava;Krivoklát
Trenčiansky;Ilava;Ladce
Trenčiansky;Ilava;Mikušovce
Trenčiansky;Ilava;Nová Dubnica
Trenčiansky;Ilava;Pruské
Trenčiansky;Ilava;Sedmerovec
Trenčiansky;Ilava;Slavnica
Trenčiansky;Ilava;Tuchyňa
Trenčiansky;Ilava;Vršatské Podhradie
Trenčiansky;Ilava;Zliechov
Trenčiansky;Myjava;Brestovec
Trenčiansky;Myjava;Brezová pod Bradlom
Trenčiansky;Myjava;Bukovec
Trenčiansky;Myjava;Hrašné
Trenčiansky;Myjava;Chvojnica
Trenčiansky;Myjava;Jablonka
Trenčiansky;Myjava;Kostolné
Trenčiansky;Myjava;Košariská
Trenčiansky;Myjava;Krajné
Trenčiansky;Myjava;Myjava
Trenčiansky;Myjava;Podkylava
Trenčiansky;Myjava;Polianka
Trenčiansky;Myjava;Poriadie
Trenčiansky;Myjava;Priepasné
Trenčiansky;Myjava;Rudník
Trenčiansky;Myjava;Stará Myjava
Trenčiansky;Myjava;Vrbovce
Trenčiansky;Nové Mesto nad Váhom;Beckov
Trenčiansky;Nové Mesto nad Váhom;Bošáca
Trenčiansky;Nové Mesto nad Váhom;Brunovce
Trenčiansky;Nové Mesto nad Váhom;Bzince pod Javorinou
Trenčiansky;Nové Mesto nad Váhom;Čachtice
Trenčiansky;Nové Mesto nad Váhom;Častkovce
Trenčiansky;Nové Mesto nad Váhom;Dolné Srnie
Trenčiansky;Nové Mesto nad Váhom;Haluzice
Trenčiansky;Nové Mesto nad Váhom;Horná Streda
Trenčiansky;Nové Mesto nad Váhom;Hôrka nad Váhom
Trenčiansky;Nové Mesto nad Váhom;Hrádok
Trenčiansky;Nové Mesto nad Váhom;Hrachovište
Trenčiansky;Nové Mesto nad Váhom;Kálnica
Trenčiansky;Nové Mesto nad Váhom;Kočovce
Trenčiansky;Nové Mesto nad Váhom;Lubina
Trenčiansky;Nové Mesto nad Váhom;Lúka
Trenčiansky;Nové Mesto nad Váhom;Modrová
Trenčiansky;Nové Mesto nad Váhom;Modrovka
Trenčiansky;Nové Mesto nad Váhom;Moravské Lieskové
Trenčiansky;Nové Mesto nad Váhom;Nová Bošáca
Trenčiansky;Nové Mesto nad Váhom;Nová Lehota
Trenčiansky;Nové Mesto nad Váhom;Nová Ves nad Váhom
Trenčiansky;Nové Mesto nad Váhom;Nové Mesto nad Váhom
Trenčiansky;Nové Mesto nad Váhom;Očkov
Trenčiansky;Nové Mesto nad Váhom;Pobedim
Trenčiansky;Nové Mesto nad Váhom;Podolie
Trenčiansky;Nové Mesto nad Váhom;Potvorice
Trenčiansky;Nové Mesto nad Váhom;Považany
Trenčiansky;Nové Mesto nad Váhom;Stará Lehota
Trenčiansky;Nové Mesto nad Váhom;Stará Turá
Trenčiansky;Nové Mesto nad Váhom;Trenčianske Bohuslavice
Trenčiansky;Nové Mesto nad Váhom;Vaďovce
Trenčiansky;Nové Mesto nad Váhom;Višňové
Trenčiansky;Nové Mesto nad Váhom;Zemianske Podhradie
Trenčiansky;Partizánske;Bošany
Trenčiansky;Partizánske;Brodzany
Trenčiansky;Partizánske;Hradište
Trenčiansky;Partizánske;Chynorany
Trenčiansky;Partizánske;Ješkova Ves
Trenčiansky;Partizánske;Klátova Nová Ves
Trenčiansky;Partizánske;Kolačno
Trenčiansky;Partizánske;Krásno
Trenčiansky;Partizánske;Livina
Trenčiansky;Partizánske;Livinské Opatovce
Trenčiansky;Partizánske;Malé Kršteňany
Trenčiansky;Partizánske;Malé Uherce
Trenčiansky;Partizánske;Nadlice
Trenčiansky;Partizánske;Nedanovce
Trenčiansky;Partizánske;Ostratice
Trenčiansky;Partizánske;Partizánske
Trenčiansky;Partizánske;Pažiť
Trenčiansky;Partizánske;Skačany
Trenčiansky;Partizánske;Turčianky
Trenčiansky;Partizánske;Veľké Kršteňany
Trenčiansky;Partizánske;Veľké Uherce
Trenčiansky;Partizánske;Veľký Klíž
Trenčiansky;Partizánske;Žabokreky nad Nitrou
Trenčiansky;Považská Bystrica;Bodiná
Trenčiansky;Považská Bystrica;Brvnište
Trenčiansky;Považská Bystrica;Čelkova Lehota
Trenčiansky;Považská Bystrica;Dolná Mariková
Trenčiansky;Považská Bystrica;Dolný Lieskov
Trenčiansky;Považská Bystrica;Domaniža
Trenčiansky;Považská Bystrica;Ďurďové
Trenčiansky;Považská Bystrica;Hatné
Trenčiansky;Považská Bystrica;Horná Mariková
Trenčiansky;Považská Bystrica;Horný Lieskov
Trenčiansky;Považská Bystrica;Jasenica
Trenčiansky;Považská Bystrica;Klieština
Trenčiansky;Považská Bystrica;Kostolec
Trenčiansky;Považská Bystrica;Malé Lednice
Trenčiansky;Považská Bystrica;Papradno
Trenčiansky;Považská Bystrica;Plevník - Drienové
Trenčiansky;Považská Bystrica;Počarová
Trenčiansky;Považská Bystrica;Podskalie
Trenčiansky;Považská Bystrica;Považská Bystrica
Trenčiansky;Považská Bystrica;Prečín
Trenčiansky;Považská Bystrica;Pružina
Trenčiansky;Považská Bystrica;Sádočné
Trenčiansky;Považská Bystrica;Slopná
Trenčiansky;Považská Bystrica;Stupné
Trenčiansky;Považská Bystrica;Sverepec
Trenčiansky;Považská Bystrica;Udiča
Trenčiansky;Považská Bystrica;Vrchteplá
Trenčiansky;Považská Bystrica;Záskalie
Trenčiansky;Prievidza;Bojnice
Trenčiansky;Prievidza;Bystričany
Trenčiansky;Prievidza;Cigeľ
Trenčiansky;Prievidza;Čavoj
Trenčiansky;Prievidza;Čereňany
Trenčiansky;Prievidza;Diviacka Nová Ves
Trenčiansky;Prievidza;Diviaky nad Nitricou
Trenčiansky;Prievidza;Dlžín
Trenčiansky;Prievidza;Dolné Vestenice
Trenčiansky;Prievidza;Handlová
Trenčiansky;Prievidza;Horná Ves
Trenčiansky;Prievidza;Horné Vestenice
Trenčiansky;Prievidza;Chrenovec - Brusno
Trenčiansky;Prievidza;Chvojnica
Trenčiansky;Prievidza;Jalovec
Trenčiansky;Prievidza;Kamenec pod Vtáčnikom
Trenčiansky;Prievidza;Kanianka
Trenčiansky;Prievidza;Kľačno
Trenčiansky;Prievidza;Kocurany
Trenčiansky;Prievidza;Kostolná Ves
Trenčiansky;Prievidza;Koš
Trenčiansky;Prievidza;Lazany
Trenčiansky;Prievidza;Lehota pod Vtáčnikom
Trenčiansky;Prievidza;Liešťany
Trenčiansky;Prievidza;Lipník
Trenčiansky;Prievidza;Malá Čausa
Trenčiansky;Prievidza;Malinová
Trenčiansky;Prievidza;Nedožery - Brezany
Trenčiansky;Prievidza;Nevidzany
Trenčiansky;Prievidza;Nitrianske Pravno
Trenčiansky;Prievidza;Nitrianske Rudno
Trenčiansky;Prievidza;Nitrianske Sučany
Trenčiansky;Prievidza;Nitrica
Trenčiansky;Prievidza;Nováky
Trenčiansky;Prievidza;Opatovce nad Nitrou
Trenčiansky;Prievidza;Oslany
Trenčiansky;Prievidza;Podhradie
Trenčiansky;Prievidza;Poluvsie
Trenčiansky;Prievidza;Poruba
Trenčiansky;Prievidza;Pravenec
Trenčiansky;Prievidza;Prievidza
Trenčiansky;Prievidza;Radobica
Trenčiansky;Prievidza;Ráztočno
Trenčiansky;Prievidza;Rudnianska Lehota
Trenčiansky;Prievidza;Sebedražie
Trenčiansky;Prievidza;Seč
Trenčiansky;Prievidza;Šútovce
Trenčiansky;Prievidza;Temeš
Trenčiansky;Prievidza;Tužina
Trenčiansky;Prievidza;Valaská Belá
Trenčiansky;Prievidza;Veľká Čausa
Trenčiansky;Prievidza;Zemianske Kostoľany
Trenčiansky;Púchov;Beluša
Trenčiansky;Púchov;Dohňany
Trenčiansky;Púchov;Dolná Breznica
Trenčiansky;Púchov;Dolné Kočkovce
Trenčiansky;Púchov;Horná Breznica
Trenčiansky;Púchov;Horovce
Trenčiansky;Púchov;Kvašov
Trenčiansky;Púchov;Lazy pod Makytou
Trenčiansky;Púchov;Lednica
Trenčiansky;Púchov;Lednické Rovne
Trenčiansky;Púchov;Lúky
Trenčiansky;Púchov;Lysá pod Makytou
Trenčiansky;Púchov;Mestečko
Trenčiansky;Púchov;Mojtín
Trenčiansky;Púchov;Nimnica
Trenčiansky;Púchov;Púchov
Trenčiansky;Púchov;Streženice
Trenčiansky;Púchov;Visolaje
Trenčiansky;Púchov;Vydrná
Trenčiansky;Púchov;Záriečie
Trenčiansky;Púchov;Zubák
Trenčiansky;Trenčín;Adamovské Kochanovce
Trenčiansky;Trenčín;Bobot
Trenčiansky;Trenčín;Dolná Poruba
Trenčiansky;Trenčín;Dolná Súča
Trenčiansky;Trenčín;Drietoma
Trenčiansky;Trenčín;Dubodiel
Trenčiansky;Trenčín;Horná Súča
Trenčiansky;Trenčín;Horňany
Trenčiansky;Trenčín;Horné Srnie
Trenčiansky;Trenčín;Hrabovka
Trenčiansky;Trenčín;Chocholná - Velčice
Trenčiansky;Trenčín;Ivanovce
Trenčiansky;Trenčín;Kostolná - Záriečie
Trenčiansky;Trenčín;Krivosúd - Bodovka
Trenčiansky;Trenčín;Melčice - Lieskové
Trenčiansky;Trenčín;Mníchova Lehota
Trenčiansky;Trenčín;Motešice
Trenčiansky;Trenčín;Nemšová
Trenčiansky;Trenčín;Neporadza
Trenčiansky;Trenčín;Omšenie
Trenčiansky;Trenčín;Opatovce
Trenčiansky;Trenčín;Petrova Lehota
Trenčiansky;Trenčín;Selec
Trenčiansky;Trenčín;Skalka nad Váhom
Trenčiansky;Trenčín;Soblahov
Trenčiansky;Trenčín;Svinná
Trenčiansky;Trenčín;Štvrtok
Trenčiansky;Trenčín;Trenčianska Teplá
Trenčiansky;Trenčín;Trenčianska Turná
Trenčiansky;Trenčín;Trenčianske Jastrabie
Trenčiansky;Trenčín;Trenčianske Mitice
Trenčiansky;Trenčín;Trenčianske Stankovce
Trenčiansky;Trenčín;Trenčianske Teplice
Trenčiansky;Trenčín;Trenčín
Trenčiansky;Trenčín;Veľká Hradná
Trenčiansky;Trenčín;Veľké Bierovce
Trenčiansky;Trenčín;Zamarovce
Nitriansky;Komárno;Bajč
Nitriansky;Komárno;Bátorove Kosihy
Nitriansky;Komárno;Bodza
Nitriansky;Komárno;Bodzianske Lúky
Nitriansky;Komárno;Brestovec
Nitriansky;Komárno;Búč
Nitriansky;Komárno;Čalovec
Nitriansky;Komárno;Číčov
Nitriansky;Komárno;Dedina Mládeže
Nitriansky;Komárno;Dulovce
Nitriansky;Komárno;Holiare
Nitriansky;Komárno;Hurbanovo
Nitriansky;Komárno;Chotín
Nitriansky;Komárno;Imeľ
Nitriansky;Komárno;Iža
Nitriansky;Komárno;Kameničná
Nitriansky;Komárno;Klížska Nemá
Nitriansky;Komárno;Kolárovo
Nitriansky;Komárno;Komárno
Nitriansky;Komárno;Kravany nad Dunajom
Nitriansky;Komárno;Lipové
Nitriansky;Komárno;Marcelová
Nitriansky;Komárno;Martovce
Nitriansky;Komárno;Moča
Nitriansky;Komárno;Modrany
Nitriansky;Komárno;Mudroňovo
Nitriansky;Komárno;Nesvady
Nitriansky;Komárno;Okoličná na Ostrove
Nitriansky;Komárno;Patince
Nitriansky;Komárno;Pribeta
Nitriansky;Komárno;Radvaň nad Dunajom
Nitriansky;Komárno;Sokolce
Nitriansky;Komárno;Svätý Peter
Nitriansky;Komárno;Šrobárová
Nitriansky;Komárno;Tôň
Nitriansky;Komárno;Trávnik
Nitriansky;Komárno;Veľké Kosihy
Nitriansky;Komárno;Virt
Nitriansky;Komárno;Vrbová nad Váhom
Nitriansky;Komárno;Zemianska Olča
Nitriansky;Komárno;Zlatná na Ostrove
Nitriansky;Levice;Bajka
Nitriansky;Levice;Bátovce
Nitriansky;Levice;Beša
Nitriansky;Levice;Bielovce
Nitriansky;Levice;Bohunice
Nitriansky;Levice;Bory
Nitriansky;Levice;Brhlovce
Nitriansky;Levice;Čajkov
Nitriansky;Levice;Čaka
Nitriansky;Levice;Čata
Nitriansky;Levice;Demandice
Nitriansky;Levice;Devičany
Nitriansky;Levice;Dolná Seč
Nitriansky;Levice;Dolné Semerovce
Nitriansky;Levice;Dolný Pial
Nitriansky;Levice;Domadice
Nitriansky;Levice;Drženice
Nitriansky;Levice;Farná
Nitriansky;Levice;Hokovce
Nitriansky;Levice;Hontianska Vrbica
Nitriansky;Levice;Hontianske Trsťany
Nitriansky;Levice;Horná Seč
Nitriansky;Levice;Horné Semerovce
Nitriansky;Levice;Horné Turovce
Nitriansky;Levice;Horný Pial
Nitriansky;Levice;Hrkovce
Nitriansky;Levice;Hronovce
Nitriansky;Levice;Hronské Kľačany
Nitriansky;Levice;Hronské Kosihy
Nitriansky;Levice;Iňa
Nitriansky;Levice;Ipeľské Úľany
Nitriansky;Levice;Ipeľský Sokolec
Nitriansky;Levice;Jabloňovce
Nitriansky;Levice;Jesenské
Nitriansky;Levice;Jur nad Hronom
Nitriansky;Levice;Kalná nad Hronom
Nitriansky;Levice;Keť
Nitriansky;Levice;Kozárovce
Nitriansky;Levice;Krškany
Nitriansky;Levice;Kubáňovo
Nitriansky;Levice;Kukučínov
Nitriansky;Levice;Kuraľany
Nitriansky;Levice;Levice
Nitriansky;Levice;Lok
Nitriansky;Levice;Lontov
Nitriansky;Levice;Lula
Nitriansky;Levice;Málaš
Nitriansky;Levice;Malé Kozmálovce
Nitriansky;Levice;Malé Ludince
Nitriansky;Levice;Mýtne Ludany
Nitriansky;Levice;Nová Dedina
Nitriansky;Levice;Nový Tekov
Nitriansky;Levice;Nýrovce
Nitriansky;Levice;Ondrejovce
Nitriansky;Levice;Pastovce
Nitriansky;Levice;Pečenice
Nitriansky;Levice;Plášťovce
Nitriansky;Levice;Plavé Vozokany
Nitriansky;Levice;Podlužany
Nitriansky;Levice;Pohronský Ruskov
Nitriansky;Levice;Pukanec
Nitriansky;Levice;Rybník
Nitriansky;Levice;Santovka
Nitriansky;Levice;Sazdice
Nitriansky;Levice;Sikenica
Nitriansky;Levice;Slatina
Nitriansky;Levice;Starý Hrádok
Nitriansky;Levice;Starý Tekov
Nitriansky;Levice;Šahy
Nitriansky;Levice;Šalov
Nitriansky;Levice;Šarovce
Nitriansky;Levice;Tehla
Nitriansky;Levice;Tekovské Lužany
Nitriansky;Levice;Tekovský Hrádok
Nitriansky;Levice;Tlmače
Nitriansky;Levice;Tupá
Nitriansky;Levice;Turá
Nitriansky;Levice;Uhliská
Nitriansky;Levice;Veľké Kozmálovce
Nitriansky;Levice;Veľké Ludince
Nitriansky;Levice;Veľké Turovce
Nitriansky;Levice;Veľký Ďur
Nitriansky;Levice;Vyškovce nad Ipľom
Nitriansky;Levice;Vyšné nad Hronom
Nitriansky;Levice;Zalaba
Nitriansky;Levice;Zbrojníky
Nitriansky;Levice;Želiezovce
Nitriansky;Levice;Žemberovce
Nitriansky;Levice;Žemliare
Nitriansky;Nitra;Alekšince
Nitriansky;Nitra;Báb
Nitriansky;Nitra;Babindol
Nitriansky;Nitra;Bádice
Nitriansky;Nitra;Branč
Nitriansky;Nitra;Cabaj - Čápor
Nitriansky;Nitra;Čab
Nitriansky;Nitra;Čakajovce
Nitriansky;Nitra;Čechynce
Nitriansky;Nitra;Čeľadice
Nitriansky;Nitra;Čifáre
Nitriansky;Nitra;Dolné Lefantovce
Nitriansky;Nitra;Dolné Obdokovce
Nitriansky;Nitra;Golianovo
Nitriansky;Nitra;Horné Lefantovce
Nitriansky;Nitra;Hosťová
Nitriansky;Nitra;Hruboňovo
Nitriansky;Nitra;Ivanka pri Nitre
Nitriansky;Nitra;Jarok
Nitriansky;Nitra;Jelenec
Nitriansky;Nitra;Jelšovce
Nitriansky;Nitra;Kapince
Nitriansky;Nitra;Klasov
Nitriansky;Nitra;Kolíňany
Nitriansky;Nitra;Lehota
Nitriansky;Nitra;Lúčnica nad Žitavou
Nitriansky;Nitra;Ľudovítová
Nitriansky;Nitra;Lukáčovce
Nitriansky;Nitra;Lužianky
Nitriansky;Nitra;Malé Chyndice
Nitriansky;Nitra;Malé Zálužie
Nitriansky;Nitra;Malý Cetín
Nitriansky;Nitra;Malý Lapáš
Nitriansky;Nitra;Melek
Nitriansky;Nitra;Mojmírovce
Nitriansky;Nitra;Nitra
Nitriansky;Nitra;Nitrianske Hrnčiarovce
Nitriansky;Nitra;Nová Ves nad Žitavou
Nitriansky;Nitra;Nové Sady
Nitriansky;Nitra;Paňa
Nitriansky;Nitra;Podhorany
Nitriansky;Nitra;Pohranice
Nitriansky;Nitra;Poľný Kesov
Nitriansky;Nitra;Rišňovce
Nitriansky;Nitra;Rumanová
Nitriansky;Nitra;Svätoplukovo
Nitriansky;Nitra;Štefanovičová
Nitriansky;Nitra;Štitáre
Nitriansky;Nitra;Šurianky
Nitriansky;Nitra;Tajná
Nitriansky;Nitra;Telince
Nitriansky;Nitra;Veľká Dolina
Nitriansky;Nitra;Veľké Chyndice
Nitriansky;Nitra;Veľké Zálužie
Nitriansky;Nitra;Veľký Cetín
Nitriansky;Nitra;Veľký Lapáš
Nitriansky;Nitra;Vinodol
Nitriansky;Nitra;Vráble
Nitriansky;Nitra;Výčapy - Opatovce
Nitriansky;Nitra;Zbehy
Nitriansky;Nitra;Žirany
Nitriansky;Nitra;Žitavce
Nitriansky;Nové Zámky;Andovce
Nitriansky;Nové Zámky;Bajtava
Nitriansky;Nové Zámky;Bánov
Nitriansky;Nové Zámky;Bardoňovo
Nitriansky;Nové Zámky;Belá
Nitriansky;Nové Zámky;Bešeňov
Nitriansky;Nové Zámky;Bíňa
Nitriansky;Nové Zámky;Branovo
Nitriansky;Nové Zámky;Bruty
Nitriansky;Nové Zámky;Čechy
Nitriansky;Nové Zámky;Černík
Nitriansky;Nové Zámky;Dedinka
Nitriansky;Nové Zámky;Dolný Ohaj
Nitriansky;Nové Zámky;Dubník
Nitriansky;Nové Zámky;Dvory nad Žitavou
Nitriansky;Nové Zámky;Gbelce
Nitriansky;Nové Zámky;Hul
Nitriansky;Nové Zámky;Chľaba
Nitriansky;Nové Zámky;Jasová
Nitriansky;Nové Zámky;Jatov
Nitriansky;Nové Zámky;Kamenica nad Hronom
Nitriansky;Nové Zámky;Kamenín
Nitriansky;Nové Zámky;Kamenný Most
Nitriansky;Nové Zámky;Kmeťovo
Nitriansky;Nové Zámky;Kolta
Nitriansky;Nové Zámky;Komjatice
Nitriansky;Nové Zámky;Komoča
Nitriansky;Nové Zámky;Leľa
Nitriansky;Nové Zámky;Lipová
Nitriansky;Nové Zámky;Ľubá
Nitriansky;Nové Zámky;Malá nad Hronom
Nitriansky;Nové Zámky;Malé Kosihy
Nitriansky;Nové Zámky;Maňa
Nitriansky;Nové Zámky;Michal nad Žitavou
Nitriansky;Nové Zámky;Mojzesovo
Nitriansky;Nové Zámky;Mužla
Nitriansky;Nové Zámky;Nána
Nitriansky;Nové Zámky;Nová Vieska
Nitriansky;Nové Zámky;Nové Zámky
Nitriansky;Nové Zámky;Obid
Nitriansky;Nové Zámky;Palárikovo
Nitriansky;Nové Zámky;Pavlová
Nitriansky;Nové Zámky;Podhájska
Nitriansky;Nové Zámky;Pozba
Nitriansky;Nové Zámky;Radava
Nitriansky;Nové Zámky;Rastislavice
Nitriansky;Nové Zámky;Rúbaň
Nitriansky;Nové Zámky;Salka
Nitriansky;Nové Zámky;Semerovo
Nitriansky;Nové Zámky;Sikenička
Nitriansky;Nové Zámky;Strekov
Nitriansky;Nové Zámky;Svodín
Nitriansky;Nové Zámky;Šarkan
Nitriansky;Nové Zámky;Štúrovo
Nitriansky;Nové Zámky;Šurany
Nitriansky;Nové Zámky;Trávnica
Nitriansky;Nové Zámky;Tvrdošovce
Nitriansky;Nové Zámky;Úľany nad Žitavou
Nitriansky;Nové Zámky;Veľké Lovce
Nitriansky;Nové Zámky;Veľký Kýr
Nitriansky;Nové Zámky;Vlkas
Nitriansky;Nové Zámky;Zemné
Nitriansky;Šaľa;Diakovce
Nitriansky;Šaľa;Dlhá nad Váhom
Nitriansky;Šaľa;Hájske
Nitriansky;Šaľa;Horná Kráľová
Nitriansky;Šaľa;Kráľová nad Váhom
Nitriansky;Šaľa;Močenok
Nitriansky;Šaľa;Neded
Nitriansky;Šaľa;Selice
Nitriansky;Šaľa;Šaľa
Nitriansky;Šaľa;Tešedíkovo
Nitriansky;Šaľa;Trnovec nad Váhom
Nitriansky;Šaľa;Vlčany
Nitriansky;Šaľa;Žihárec
Nitriansky;Topoľčany;Ardanovce
Nitriansky;Topoľčany;Belince
Nitriansky;Topoľčany;Biskupová
Nitriansky;Topoľčany;Blesovce
Nitriansky;Topoľčany;Bojná
Nitriansky;Topoľčany;Čeľadince
Nitriansky;Topoľčany;Čermany
Nitriansky;Topoľčany;Dvorany nad Nitrou
Nitriansky;Topoľčany;Hajná Nová Ves
Nitriansky;Topoľčany;Horné Chlebany
Nitriansky;Topoľčany;Horné Obdokovce
Nitriansky;Topoľčany;Horné Štitáre
Nitriansky;Topoľčany;Hrušovany
Nitriansky;Topoľčany;Chrabrany
Nitriansky;Topoľčany;Jacovce
Nitriansky;Topoľčany;Kamanová
Nitriansky;Topoľčany;Koniarovce
Nitriansky;Topoľčany;Kovarce
Nitriansky;Topoľčany;Krnča
Nitriansky;Topoľčany;Krtovce
Nitriansky;Topoľčany;Krušovce
Nitriansky;Topoľčany;Kuzmice
Nitriansky;Topoľčany;Lipovník
Nitriansky;Topoľčany;Ludanice
Nitriansky;Topoľčany;Lužany
Nitriansky;Topoľčany;Malé Ripňany
Nitriansky;Topoľčany;Nemčice
Nitriansky;Topoľčany;Nemečky
Nitriansky;Topoľčany;Nitrianska Blatnica
Nitriansky;Topoľčany;Nitrianska Streda
Nitriansky;Topoľčany;Norovce
Nitriansky;Topoľčany;Oponice
Nitriansky;Topoľčany;Orešany
Nitriansky;Topoľčany;Podhradie
Nitriansky;Topoľčany;Prašice
Nitriansky;Topoľčany;Práznovce
Nitriansky;Topoľčany;Preseľany
Nitriansky;Topoľčany;Radošina
Nitriansky;Topoľčany;Rajčany
Nitriansky;Topoľčany;Solčany
Nitriansky;Topoľčany;Solčianky
Nitriansky;Topoľčany;Súlovce
Nitriansky;Topoľčany;Svrbice
Nitriansky;Topoľčany;Šalgovce
Nitriansky;Topoľčany;Tesáre
Nitriansky;Topoľčany;Topoľčany
Nitriansky;Topoľčany;Tovarníky
Nitriansky;Topoľčany;Tvrdomestice
Nitriansky;Topoľčany;Urmince
Nitriansky;Topoľčany;Veľké Dvorany
Nitriansky;Topoľčany;Veľké Ripňany
Nitriansky;Topoľčany;Velušovce
Nitriansky;Topoľčany;Vozokany
Nitriansky;Topoľčany;Závada
Nitriansky;Zlaté Moravce;Beladice
Nitriansky;Zlaté Moravce;Čaradice
Nitriansky;Zlaté Moravce;Červený Hrádok
Nitriansky;Zlaté Moravce;Čierne Kľačany
Nitriansky;Zlaté Moravce;Hostie
Nitriansky;Zlaté Moravce;Hosťovce
Nitriansky;Zlaté Moravce;Choča
Nitriansky;Zlaté Moravce;Jedľové Kostoľany
Nitriansky;Zlaté Moravce;Kostoľany pod Tribečom
Nitriansky;Zlaté Moravce;Ladice
Nitriansky;Zlaté Moravce;Lovce
Nitriansky;Zlaté Moravce;Machulince
Nitriansky;Zlaté Moravce;Malé Vozokany
Nitriansky;Zlaté Moravce;Mankovce
Nitriansky;Zlaté Moravce;Martin nad Žitavou
Nitriansky;Zlaté Moravce;Nemčiňany
Nitriansky;Zlaté Moravce;Neverice
Nitriansky;Zlaté Moravce;Nevidzany
Nitriansky;Zlaté Moravce;Obyce
Nitriansky;Zlaté Moravce;Skýcov
Nitriansky;Zlaté Moravce;Sľažany
Nitriansky;Zlaté Moravce;Slepčany
Nitriansky;Zlaté Moravce;Tekovské Nemce
Nitriansky;Zlaté Moravce;Tesárske Mlyňany
Nitriansky;Zlaté Moravce;Topoľčianky
Nitriansky;Zlaté Moravce;Velčice
Nitriansky;Zlaté Moravce;Veľké Vozokany
Nitriansky;Zlaté Moravce;Vieska nad Žitavou
Nitriansky;Zlaté Moravce;Volkovce
Nitriansky;Zlaté Moravce;Zlaté Moravce
Nitriansky;Zlaté Moravce;Zlatno
Nitriansky;Zlaté Moravce;Žikava
Nitriansky;Zlaté Moravce;Žitavany
Žilinský;Bytča;Bytča
Žilinský;Bytča;Hlboké nad Váhom
Žilinský;Bytča;Hvozdnica
Žilinský;Bytča;Jablonové
Žilinský;Bytča;Kolárovice
Žilinský;Bytča;Kotešová
Žilinský;Bytča;Maršová - Rašov
Žilinský;Bytča;Petrovice
Žilinský;Bytča;Predmier
Žilinský;Bytča;Súľov - Hradná
Žilinský;Bytča;Štiavnik
Žilinský;Bytča;Veľké Rovné
Žilinský;Čadca;Čadca
Žilinský;Čadca;Čierne
Žilinský;Čadca;Dlhá nad Kysucou
Žilinský;Čadca;Dunajov
Žilinský;Čadca;Klokočov
Žilinský;Čadca;Klubina
Žilinský;Čadca;Korňa
Žilinský;Čadca;Krásno nad Kysucou
Žilinský;Čadca;Makov
Žilinský;Čadca;Nová Bystrica
Žilinský;Čadca;Olešná
Žilinský;Čadca;Oščadnica
Žilinský;Čadca;Podvysoká
Žilinský;Čadca;Radôstka
Žilinský;Čadca;Raková
Žilinský;Čadca;Skalité
Žilinský;Čadca;Stará Bystrica
Žilinský;Čadca;Staškov
Žilinský;Čadca;Svrčinovec
Žilinský;Čadca;Turzovka
Žilinský;Čadca;Vysoká nad Kysucou
Žilinský;Čadca;Zákopčie
Žilinský;Čadca;Zborov nad Bystricou
Žilinský;Dolný Kubín;Bziny
Žilinský;Dolný Kubín;Dlhá nad Oravou
Žilinský;Dolný Kubín;Dolný Kubín
Žilinský;Dolný Kubín;Horná Lehota
Žilinský;Dolný Kubín;Chlebnice
Žilinský;Dolný Kubín;Istebné
Žilinský;Dolný Kubín;Jasenová
Žilinský;Dolný Kubín;Kraľovany
Žilinský;Dolný Kubín;Krivá
Žilinský;Dolný Kubín;Leštiny
Žilinský;Dolný Kubín;Malatiná
Žilinský;Dolný Kubín;Medzibrodie nad Oravou
Žilinský;Dolný Kubín;Oravská Poruba
Žilinský;Dolný Kubín;Oravský Podzámok
Žilinský;Dolný Kubín;Osádka
Žilinský;Dolný Kubín;Párnica
Žilinský;Dolný Kubín;Pokryváč
Žilinský;Dolný Kubín;Pribiš
Žilinský;Dolný Kubín;Pucov
Žilinský;Dolný Kubín;Sedliacka Dubová
Žilinský;Dolný Kubín;Veličná
Žilinský;Dolný Kubín;Vyšný Kubín
Žilinský;Dolný Kubín;Zázrivá
Žilinský;Dolný Kubín;Žaškov
Žilinský;Kysucké Nové Mesto;Dolný Vadičov
Žilinský;Kysucké Nové Mesto;Horný Vadičov
Žilinský;Kysucké Nové Mesto;Kysucké Nové Mesto
Žilinský;Kysucké Nové Mesto;Kysucký Lieskovec
Žilinský;Kysucké Nové Mesto;Lodno
Žilinský;Kysucké Nové Mesto;Lopušné Pažite
Žilinský;Kysucké Nové Mesto;Nesluša
Žilinský;Kysucké Nové Mesto;Ochodnica
Žilinský;Kysucké Nové Mesto;Povina
Žilinský;Kysucké Nové Mesto;Radoľa
Žilinský;Kysucké Nové Mesto;Rudina
Žilinský;Kysucké Nové Mesto;Rudinka
Žilinský;Kysucké Nové Mesto;Rudinská
Žilinský;Kysucké Nové Mesto;Snežnica
Žilinský;Liptovský Mikuláš;Beňadiková
Žilinský;Liptovský Mikuláš;Bobrovček
Žilinský;Liptovský Mikuláš;Bobrovec
Žilinský;Liptovský Mikuláš;Bobrovník
Žilinský;Liptovský Mikuláš;Bukovina
Žilinský;Liptovský Mikuláš;Demänovská Dolina
Žilinský;Liptovský Mikuláš;Dúbrava
Žilinský;Liptovský Mikuláš;Galovany
Žilinský;Liptovský Mikuláš;Gôtovany
Žilinský;Liptovský Mikuláš;Huty
Žilinský;Liptovský Mikuláš;Hybe
Žilinský;Liptovský Mikuláš;Ižipovce
Žilinský;Liptovský Mikuláš;Jakubovany
Žilinský;Liptovský Mikuláš;Jalovec
Žilinský;Liptovský Mikuláš;Jamník
Žilinský;Liptovský Mikuláš;Konská
Žilinský;Liptovský Mikuláš;Kráľova Lehota
Žilinský;Liptovský Mikuláš;Kvačany
Žilinský;Liptovský Mikuláš;Lazisko
Žilinský;Liptovský Mikuláš;Liptovská Anna
Žilinský;Liptovský Mikuláš;Liptovská Kokava
Žilinský;Liptovský Mikuláš;Liptovská Porúbka
Žilinský;Liptovský Mikuláš;Liptovská Sielnica
Žilinský;Liptovský Mikuláš;Liptovské Beharovce
Žilinský;Liptovský Mikuláš;Liptovské Kľačany
Žilinský;Liptovský Mikuláš;Liptovské Matiašovce
Žilinský;Liptovský Mikuláš;Liptovský Hrádok
Žilinský;Liptovský Mikuláš;Liptovský Ján
Žilinský;Liptovský Mikuláš;Liptovský Mikuláš
Žilinský;Liptovský Mikuláš;Liptovský Ondrej
Žilinský;Liptovský Mikuláš;Liptovský Peter
Žilinský;Liptovský Mikuláš;Liptovský Trnovec
Žilinský;Liptovský Mikuláš;Ľubeľa
Žilinský;Liptovský Mikuláš;Malatíny
Žilinský;Liptovský Mikuláš;Malé Borové
Žilinský;Liptovský Mikuláš;Malužiná
Žilinský;Liptovský Mikuláš;Nižná Boca
Žilinský;Liptovský Mikuláš;Partizánska Ľupča
Žilinský;Liptovský Mikuláš;Pavčina Lehota
Žilinský;Liptovský Mikuláš;Pavlova Ves
Žilinský;Liptovský Mikuláš;Podtureň
Žilinský;Liptovský Mikuláš;Pribylina
Žilinský;Liptovský Mikuláš;Prosiek
Žilinský;Liptovský Mikuláš;Smrečany
Žilinský;Liptovský Mikuláš;Svätý Kríž
Žilinský;Liptovský Mikuláš;Trstené
Žilinský;Liptovský Mikuláš;Uhorská Ves
Žilinský;Liptovský Mikuláš;Vavrišovo
Žilinský;Liptovský Mikuláš;Važec
Žilinský;Liptovský Mikuláš;Veľké Borové
Žilinský;Liptovský Mikuláš;Veterná Poruba
Žilinský;Liptovský Mikuláš;Vlachy
Žilinský;Liptovský Mikuláš;Východná
Žilinský;Liptovský Mikuláš;Vyšná Boca
Žilinský;Liptovský Mikuláš;Závažná Poruba
Žilinský;Liptovský Mikuláš;Žiar
Žilinský;Martin;Belá - Dulice
Žilinský;Martin;Benice
Žilinský;Martin;Blatnica
Žilinský;Martin;Bystrička
Žilinský;Martin;Ďanová
Žilinský;Martin;Diaková
Žilinský;Martin;Dolný Kalník
Žilinský;Martin;Dražkovce
Žilinský;Martin;Folkušová
Žilinský;Martin;Horný Kalník
Žilinský;Martin;Karlová
Žilinský;Martin;Kláštor pod Znievom
Žilinský;Martin;Košťany nad Turcom
Žilinský;Martin;Krpeľany
Žilinský;Martin;Laskár
Žilinský;Martin;Ležiachov
Žilinský;Martin;Lipovec
Žilinský;Martin;Martin
Žilinský;Martin;Necpaly
Žilinský;Martin;Nolčovo
Žilinský;Martin;Podhradie
Žilinský;Martin;Príbovce
Žilinský;Martin;Rakovo
Žilinský;Martin;Ratkovo
Žilinský;Martin;Sklabiňa
Žilinský;Martin;Sklabinský Podzámok
Žilinský;Martin;Slovany
Žilinský;Martin;Socovce
Žilinský;Martin;Sučany
Žilinský;Martin;Šútovo
Žilinský;Martin;Trebostovo
Žilinský;Martin;Trnovo
Žilinský;Martin;Turany
Žilinský;Martin;Turčianska Štiavnička
Žilinský;Martin;Turčianske Jaseno
Žilinský;Martin;Turčianske Kľačany
Žilinský;Martin;Turčiansky Ďur
Žilinský;Martin;Turčiansky Peter
Žilinský;Martin;Valča
Žilinský;Martin;Vrícko
Žilinský;Martin;Vrútky
Žilinský;Martin;Záborie
Žilinský;Martin;Žabokreky
Žilinský;Námestovo;Babín
Žilinský;Námestovo;Beňadovo
Žilinský;Námestovo;Bobrov
Žilinský;Námestovo;Breza
Žilinský;Námestovo;Hruštín
Žilinský;Námestovo;Klin
Žilinský;Námestovo;Krušetnica
Žilinský;Námestovo;Lokca
Žilinský;Námestovo;Lomná
Žilinský;Námestovo;Mútne
Žilinský;Námestovo;Námestovo
Žilinský;Námestovo;Novoť
Žilinský;Námestovo;Oravská Jasenica
Žilinský;Námestovo;Oravská Lesná
Žilinský;Námestovo;Oravská Polhora
Žilinský;Námestovo;Oravské Veselé
Žilinský;Námestovo;Rabča
Žilinský;Námestovo;Rabčice
Žilinský;Námestovo;Sihelné
Žilinský;Námestovo;Ťapešovo
Žilinský;Námestovo;Vasiľov
Žilinský;Námestovo;Vavrečka
Žilinský;Námestovo;Zákamenné
Žilinský;Námestovo;Zubrohlava
Žilinský;Ružomberok;Bešeňová
Žilinský;Ružomberok;Hubová
Žilinský;Ružomberok;Ivachnová
Žilinský;Ružomberok;Kalameny
Žilinský;Ružomberok;Komjatná
Žilinský;Ružomberok;Likavka
Žilinský;Ružomberok;Liptovská Lúžna
Žilinský;Ružomberok;Liptovská Osada
Žilinský;Ružomberok;Liptovská Štiavnica
Žilinský;Ružomberok;Liptovská Teplá
Žilinský;Ružomberok;Liptovské Revúce
Žilinský;Ružomberok;Liptovské Sliače
Žilinský;Ružomberok;Liptovský Michal
Žilinský;Ružomberok;Lisková
Žilinský;Ružomberok;Ľubochňa
Žilinský;Ružomberok;Lúčky
Žilinský;Ružomberok;Ludrová
Žilinský;Ružomberok;Martinček
Žilinský;Ružomberok;Potok
Žilinský;Ružomberok;Ružomberok
Žilinský;Ružomberok;Stankovany
Žilinský;Ružomberok;Štiavnička
Žilinský;Ružomberok;Švošov
Žilinský;Ružomberok;Turík
Žilinský;Ružomberok;Valaská Dubová
Žilinský;Turčianske Teplice;Abramová
Žilinský;Turčianske Teplice;Blažovce
Žilinský;Turčianske Teplice;Bodorová
Žilinský;Turčianske Teplice;Borcová
Žilinský;Turčianske Teplice;Brieštie
Žilinský;Turčianske Teplice;Budiš
Žilinský;Turčianske Teplice;Čremošné
Žilinský;Turčianske Teplice;Dubové
Žilinský;Turčianske Teplice;Háj
Žilinský;Turčianske Teplice;Horná Štubňa
Žilinský;Turčianske Teplice;Ivančiná
Žilinský;Turčianske Teplice;Jasenovo
Žilinský;Turčianske Teplice;Jazernica
Žilinský;Turčianske Teplice;Kaľamenová
Žilinský;Turčianske Teplice;Liešno
Žilinský;Turčianske Teplice;Malý Čepčín
Žilinský;Turčianske Teplice;Moškovec
Žilinský;Turčianske Teplice;Mošovce
Žilinský;Turčianske Teplice;Ondrašová
Žilinský;Turčianske Teplice;Rakša
Žilinský;Turčianske Teplice;Rudno
Žilinský;Turčianske Teplice;Sklené
Žilinský;Turčianske Teplice;Slovenské Pravno
Žilinský;Turčianske Teplice;Turček
Žilinský;Turčianske Teplice;Turčianske Teplice
Žilinský;Turčianske Teplice;Veľký Čepčín
Žilinský;Tvrdošín;Brezovica
Žilinský;Tvrdošín;Čimhová
Žilinský;Tvrdošín;Habovka
Žilinský;Tvrdošín;Hladovka
Žilinský;Tvrdošín;Liesek
Žilinský;Tvrdošín;Nižná
Žilinský;Tvrdošín;Oravský Biely Potok
Žilinský;Tvrdošín;Podbiel
Žilinský;Tvrdošín;Suchá Hora
Žilinský;Tvrdošín;Štefanov nad Oravou
Žilinský;Tvrdošín;Trstená
Žilinský;Tvrdošín;Tvrdošín
Žilinský;Tvrdošín;Vitanová
Žilinský;Tvrdošín;Zábiedovo
Žilinský;Tvrdošín;Zuberec
Žilinský;Žilina;Belá
Žilinský;Žilina;Bitarová
Žilinský;Žilina;Brezany
Žilinský;Žilina;Čičmany
Žilinský;Žilina;Divina
Žilinský;Žilina;Divinka
Žilinský;Žilina;Dlhé Pole
Žilinský;Žilina;Dolná Tižina
Žilinský;Žilina;Dolný Hričov
Žilinský;Žilina;Ďurčiná
Žilinský;Žilina;Fačkov
Žilinský;Žilina;Gbeľany
Žilinský;Žilina;Horný Hričov
Žilinský;Žilina;Hôrky
Žilinský;Žilina;Hričovské Podhradie
Žilinský;Žilina;Jasenové
Žilinský;Žilina;Kamenná Poruba
Žilinský;Žilina;Kľače
Žilinský;Žilina;Konská
Žilinský;Žilina;Kotrčiná Lúčka
Žilinský;Žilina;Krasňany
Žilinský;Žilina;Kunerad
Žilinský;Žilina;Lietava
Žilinský;Žilina;Lietavská Lúčka
Žilinský;Žilina;Lietavská Svinná - Babkov
Žilinský;Žilina;Lutiše
Žilinský;Žilina;Lysica
Žilinský;Žilina;Malá Čierna
Žilinský;Žilina;Mojš
Žilinský;Žilina;Nededza
Žilinský;Žilina;Nezbudská Lúčka
Žilinský;Žilina;Ovčiarsko
Žilinský;Žilina;Paština Závada
Žilinský;Žilina;Podhorie
Žilinský;Žilina;Porúbka
Žilinský;Žilina;Rajec
Žilinský;Žilina;Rajecká Lesná
Žilinský;Žilina;Rajecké Teplice
Žilinský;Žilina;Rosina
Žilinský;Žilina;Stráňavy
Žilinský;Žilina;Stránske
Žilinský;Žilina;Stráža
Žilinský;Žilina;Strečno
Žilinský;Žilina;Svederník
Žilinský;Žilina;Šuja
Žilinský;Žilina;Teplička nad Váhom
Žilinský;Žilina;Terchová
Žilinský;Žilina;Turie
Žilinský;Žilina;Varín
Žilinský;Žilina;Veľká Čierna
Žilinský;Žilina;Višňové
Žilinský;Žilina;Zbyňov
Žilinský;Žilina;Žilina
Banskobystrický;Banská Bystrica;Badín
Banskobystrický;Banská Bystrica;Baláže
Banskobystrický;Banská Bystrica;Banská Bystrica
Banskobystrický;Banská Bystrica;Brusno
Banskobystrický;Banská Bystrica;Čerín
Banskobystrický;Banská Bystrica;Dolná Mičiná
Banskobystrický;Banská Bystrica;Dolný Harmanec
Banskobystrický;Banská Bystrica;Donovaly
Banskobystrický;Banská Bystrica;Dúbravica
Banskobystrický;Banská Bystrica;Harmanec
Banskobystrický;Banská Bystrica;Hiadeľ
Banskobystrický;Banská Bystrica;Horná Mičiná
Banskobystrický;Banská Bystrica;Horné Pršany
Banskobystrický;Banská Bystrica;Hrochoť
Banskobystrický;Banská Bystrica;Hronsek
Banskobystrický;Banská Bystrica;Kordíky
Banskobystrický;Banská Bystrica;Králiky
Banskobystrický;Banská Bystrica;Kynceľová
Banskobystrický;Banská Bystrica;Ľubietová
Banskobystrický;Banská Bystrica;Lučatín
Banskobystrický;Banská Bystrica;Malachov
Banskobystrický;Banská Bystrica;Medzibrod
Banskobystrický;Banská Bystrica;Moštenica
Banskobystrický;Banská Bystrica;Motyčky
Banskobystrický;Banská Bystrica;Môlča
Banskobystrický;Banská Bystrica;Nemce
Banskobystrický;Banská Bystrica;Oravce
Banskobystrický;Banská Bystrica;Podkonice
Banskobystrický;Banská Bystrica;Pohronský Bukovec
Banskobystrický;Banská Bystrica;Poniky
Banskobystrický;Banská Bystrica;Povrazník
Banskobystrický;Banská Bystrica;Priechod
Banskobystrický;Banská Bystrica;Riečka
Banskobystrický;Banská Bystrica;Sebedín - Bečov
Banskobystrický;Banská Bystrica;Selce
Banskobystrický;Banská Bystrica;Slovenská Ľupča
Banskobystrický;Banská Bystrica;Staré Hory
Banskobystrický;Banská Bystrica;Strelníky
Banskobystrický;Banská Bystrica;Špania Dolina
Banskobystrický;Banská Bystrica;Tajov
Banskobystrický;Banská Bystrica;Turecká
Banskobystrický;Banská Bystrica;Vlkanová
Banskobystrický;Banská Štiavnica;Baďan
Banskobystrický;Banská Štiavnica;Banská Belá
Banskobystrický;Banská Štiavnica;Banská Štiavnica
Banskobystrický;Banská Štiavnica;Banský Studenec
Banskobystrický;Banská Štiavnica;Beluj
Banskobystrický;Banská Štiavnica;Dekýš
Banskobystrický;Banská Štiavnica;Ilija
Banskobystrický;Banská Štiavnica;Kozelník
Banskobystrický;Banská Štiavnica;Močiar
Banskobystrický;Banská Štiavnica;Počúvadlo
Banskobystrický;Banská Štiavnica;Podhorie
Banskobystrický;Banská Štiavnica;Prenčov
Banskobystrický;Banská Štiavnica;Svätý Anton
Banskobystrický;Banská Štiavnica;Štiavnické Bane
Banskobystrický;Banská Štiavnica;Vysoká
Banskobystrický;Brezno;Bacúch
Banskobystrický;Brezno;Beňuš
Banskobystrický;Brezno;Braväcovo
Banskobystrický;Brezno;Brezno
Banskobystrický;Brezno;Bystrá
Banskobystrický;Brezno;Čierny Balog
Banskobystrický;Brezno;Dolná Lehota
Banskobystrický;Brezno;Drábsko
Banskobystrický;Brezno;Heľpa
Banskobystrický;Brezno;Horná Lehota
Banskobystrický;Brezno;Hronec
Banskobystrický;Brezno;Jarabá
Banskobystrický;Brezno;Jasenie
Banskobystrický;Brezno;Lom nad Rimavicou
Banskobystrický;Brezno;Michalová
Banskobystrický;Brezno;Mýto pod Ďumbierom
Banskobystrický;Brezno;Nemecká
Banskobystrický;Brezno;Osrblie
Banskobystrický;Brezno;Podbrezová
Banskobystrický;Brezno;Pohorelá
Banskobystrický;Brezno;Pohronská Polhora
Banskobystrický;Brezno;Polomka
Banskobystrický;Brezno;Predajná
Banskobystrický;Brezno;Ráztoka
Banskobystrický;Brezno;Sihla
Banskobystrický;Brezno;Šumiac
Banskobystrický;Brezno;Telgárt
Banskobystrický;Brezno;Valaská
Banskobystrický;Brezno;Vaľkovňa
Banskobystrický;Brezno;Závadka nad Hronom
Banskobystrický;Detva;Detva
Banskobystrický;Detva;Detvianska Huta
Banskobystrický;Detva;Dúbravy
Banskobystrický;Detva;Horný Tisovník
Banskobystrický;Detva;Hriňová
Banskobystrický;Detva;Klokoč
Banskobystrický;Detva;Korytárky
Banskobystrický;Detva;Kriváň
Banskobystrický;Detva;Látky
Banskobystrický;Detva;Podkriváň
Banskobystrický;Detva;Slatinské Lazy
Banskobystrický;Detva;Stará Huta
Banskobystrický;Detva;Stožok
Banskobystrický;Detva;Vígľaš
Banskobystrický;Detva;Vígľašská Huta - Kalinka
Banskobystrický;Krupina;Bzovík
Banskobystrický;Krupina;Cerovo
Banskobystrický;Krupina;Čabradský Vrbovok
Banskobystrický;Krupina;Čekovce
Banskobystrický;Krupina;Devičie
Banskobystrický;Krupina;Dolné Mladonice
Banskobystrický;Krupina;Dolný Badín
Banskobystrický;Krupina;Domaníky
Banskobystrický;Krupina;Drážovce
Banskobystrický;Krupina;Drienovo
Banskobystrický;Krupina;Dudince
Banskobystrický;Krupina;Hontianske Moravce
Banskobystrický;Krupina;Hontianske Nemce
Banskobystrický;Krupina;Hontianske Tesáre
Banskobystrický;Krupina;Horné Mladonice
Banskobystrický;Krupina;Horný Badín
Banskobystrický;Krupina;Jalšovík
Banskobystrický;Krupina;Kozí Vrbovok
Banskobystrický;Krupina;Kráľovce - Krnišov
Banskobystrický;Krupina;Krupina
Banskobystrický;Krupina;Lackov
Banskobystrický;Krupina;Ladzany
Banskobystrický;Krupina;Lišov
Banskobystrický;Krupina;Litava
Banskobystrický;Krupina;Medovarce
Banskobystrický;Krupina;Rykynčice
Banskobystrický;Krupina;Sebechleby
Banskobystrický;Krupina;Selce
Banskobystrický;Krupina;Senohrad
Banskobystrický;Krupina;Sudince
Banskobystrický;Krupina;Súdovce
Banskobystrický;Krupina;Terany
Banskobystrický;Krupina;Trpín
Banskobystrický;Krupina;Uňatín
Banskobystrický;Krupina;Zemiansky Vrbovok
Banskobystrický;Krupina;Žibritov
Banskobystrický;Lučenec;Ábelová
Banskobystrický;Lučenec;Belina
Banskobystrický;Lučenec;Biskupice
Banskobystrický;Lučenec;Boľkovce
Banskobystrický;Lučenec;Budiná
Banskobystrický;Lučenec;Bulhary
Banskobystrický;Lučenec;Buzitka
Banskobystrický;Lučenec;Čakanovce
Banskobystrický;Lučenec;Čamovce
Banskobystrický;Lučenec;Divín
Banskobystrický;Lučenec;Dobroč
Banskobystrický;Lučenec;Fiľakovo
Banskobystrický;Lučenec;Fiľakovské Kováče
Banskobystrický;Lučenec;Gregorova Vieska
Banskobystrický;Lučenec;Halič
Banskobystrický;Lučenec;Holiša
Banskobystrický;Lučenec;Jelšovec
Banskobystrický;Lučenec;Kalonda
Banskobystrický;Lučenec;Kotmanová
Banskobystrický;Lučenec;Lehôtka
Banskobystrický;Lučenec;Lentvora
Banskobystrický;Lučenec;Lipovany
Banskobystrický;Lučenec;Lovinobaňa
Banskobystrický;Lučenec;Ľuboreč
Banskobystrický;Lučenec;Lučenec
Banskobystrický;Lučenec;Lupoč
Banskobystrický;Lučenec;Mašková
Banskobystrický;Lučenec;Mikušovce
Banskobystrický;Lučenec;Mučín
Banskobystrický;Lučenec;Mýtna
Banskobystrický;Lučenec;Nitra nad Ipľom
Banskobystrický;Lučenec;Nové Hony
Banskobystrický;Lučenec;Panické Dravce
Banskobystrický;Lučenec;Píla
Banskobystrický;Lučenec;Pinciná
Banskobystrický;Lučenec;Pleš
Banskobystrický;Lučenec;Podrečany
Banskobystrický;Lučenec;Polichno
Banskobystrický;Lučenec;Praha
Banskobystrický;Lučenec;Prša
Banskobystrický;Lučenec;Radzovce
Banskobystrický;Lučenec;Rapovce
Banskobystrický;Lučenec;Ratka
Banskobystrický;Lučenec;Ružiná
Banskobystrický;Lučenec;Stará Halič
Banskobystrický;Lučenec;Šávoľ
Banskobystrický;Lučenec;Šiatorská Bukovinka
Banskobystrický;Lučenec;Šíd
Banskobystrický;Lučenec;Šurice
Banskobystrický;Lučenec;Točnica
Banskobystrický;Lučenec;Tomášovce
Banskobystrický;Lučenec;Trebeľovce
Banskobystrický;Lučenec;Trenč
Banskobystrický;Lučenec;Tuhár
Banskobystrický;Lučenec;Veľká nad Ipľom
Banskobystrický;Lučenec;Veľké Dravce
Banskobystrický;Lučenec;Vidiná
Banskobystrický;Poltár;Breznička
Banskobystrický;Poltár;Cinobaňa
Banskobystrický;Poltár;České Brezovo
Banskobystrický;Poltár;Ďubákovo
Banskobystrický;Poltár;Hradište
Banskobystrický;Poltár;Hrnčiarska Ves
Banskobystrický;Poltár;Hrnčiarske Zalužany
Banskobystrický;Poltár;Kalinovo
Banskobystrický;Poltár;Kokava nad Rimavicou
Banskobystrický;Poltár;Krná
Banskobystrický;Poltár;Málinec
Banskobystrický;Poltár;Mládzovo
Banskobystrický;Poltár;Ozdín
Banskobystrický;Poltár;Poltár
Banskobystrický;Poltár;Rovňany
Banskobystrický;Poltár;Selce
Banskobystrický;Poltár;Sušany
Banskobystrický;Poltár;Šoltýska
Banskobystrický;Poltár;Uhorské
Banskobystrický;Poltár;Utekáč
Banskobystrický;Poltár;Veľká Ves
Banskobystrický;Poltár;Zlatno
Banskobystrický;Revúca;Držkovce
Banskobystrický;Revúca;Gemer
Banskobystrický;Revúca;Gemerská Ves
Banskobystrický;Revúca;Gemerské Teplice
Banskobystrický;Revúca;Gemerský Sad
Banskobystrický;Revúca;Hrlica
Banskobystrický;Revúca;Hucín
Banskobystrický;Revúca;Chvalová
Banskobystrický;Revúca;Chyžné
Banskobystrický;Revúca;Jelšava
Banskobystrický;Revúca;Kameňany
Banskobystrický;Revúca;Leváre
Banskobystrický;Revúca;Levkuška
Banskobystrický;Revúca;Licince
Banskobystrický;Revúca;Lubeník
Banskobystrický;Revúca;Magnezitovce
Banskobystrický;Revúca;Mokrá Lúka
Banskobystrický;Revúca;Muráň
Banskobystrický;Revúca;Muránska Dlhá Lúka
Banskobystrický;Revúca;Muránska Huta
Banskobystrický;Revúca;Muránska Lehota
Banskobystrický;Revúca;Muránska Zdychava
Banskobystrický;Revúca;Nandraž
Banskobystrický;Revúca;Otročok
Banskobystrický;Revúca;Ploské
Banskobystrický;Revúca;Polina
Banskobystrický;Revúca;Prihradzany
Banskobystrický;Revúca;Rákoš
Banskobystrický;Revúca;Rašice
Banskobystrický;Revúca;Ratková
Banskobystrický;Revúca;Ratkovské Bystré
Banskobystrický;Revúca;Revúca
Banskobystrický;Revúca;Revúcka Lehota
Banskobystrický;Revúca;Rybník
Banskobystrický;Revúca;Sása
Banskobystrický;Revúca;Sirk
Banskobystrický;Revúca;Skerešovo
Banskobystrický;Revúca;Šivetice
Banskobystrický;Revúca;Tornaľa
Banskobystrický;Revúca;Turčok
Banskobystrický;Revúca;Višňové
Banskobystrický;Revúca;Žiar
Banskobystrický;Rimavská Sobota;Abovce
Banskobystrický;Rimavská Sobota;Babinec
Banskobystrický;Rimavská Sobota;Barca
Banskobystrický;Rimavská Sobota;Bátka
Banskobystrický;Rimavská Sobota;Belín
Banskobystrický;Rimavská Sobota;Blhovce
Banskobystrický;Rimavská Sobota;Bottovo
Banskobystrický;Rimavská Sobota;Budikovany
Banskobystrický;Rimavská Sobota;Cakov
Banskobystrický;Rimavská Sobota;Čerenčany
Banskobystrický;Rimavská Sobota;Čierny Potok
Banskobystrický;Rimavská Sobota;Číž
Banskobystrický;Rimavská Sobota;Dolné Zahorany
Banskobystrický;Rimavská Sobota;Dražice
Banskobystrický;Rimavská Sobota;Drienčany
Banskobystrický;Rimavská Sobota;Drňa
Banskobystrický;Rimavská Sobota;Dubno
Banskobystrický;Rimavská Sobota;Dubovec
Banskobystrický;Rimavská Sobota;Dulovo
Banskobystrický;Rimavská Sobota;Figa
Banskobystrický;Rimavská Sobota;Gemerček
Banskobystrický;Rimavská Sobota;Gemerské Dechtáre
Banskobystrický;Rimavská Sobota;Gemerské Michalovce
Banskobystrický;Rimavská Sobota;Gemerský Jablonec
Banskobystrický;Rimavská Sobota;Gortva
Banskobystrický;Rimavská Sobota;Hajnáčka
Banskobystrický;Rimavská Sobota;Hnúšťa
Banskobystrický;Rimavská Sobota;Hodejov
Banskobystrický;Rimavská Sobota;Hodejovec
Banskobystrický;Rimavská Sobota;Horné Zahorany
Banskobystrický;Rimavská Sobota;Hostice
Banskobystrický;Rimavská Sobota;Hostišovce
Banskobystrický;Rimavská Sobota;Hrachovo
Banskobystrický;Rimavská Sobota;Hrušovo
Banskobystrický;Rimavská Sobota;Hubovo
Banskobystrický;Rimavská Sobota;Husiná
Banskobystrický;Rimavská Sobota;Chanava
Banskobystrický;Rimavská Sobota;Chrámec
Banskobystrický;Rimavská Sobota;Ivanice
Banskobystrický;Rimavská Sobota;Janice
Banskobystrický;Rimavská Sobota;Jesenské
Banskobystrický;Rimavská Sobota;Jestice
Banskobystrický;Rimavská Sobota;Kaloša
Banskobystrický;Rimavská Sobota;Kesovce
Banskobystrický;Rimavská Sobota;Klenovec
Banskobystrický;Rimavská Sobota;Kociha
Banskobystrický;Rimavská Sobota;Konrádovce
Banskobystrický;Rimavská Sobota;Kráľ
Banskobystrický;Rimavská Sobota;Kraskovo
Banskobystrický;Rimavská Sobota;Krokava
Banskobystrický;Rimavská Sobota;Kružno
Banskobystrický;Rimavská Sobota;Kyjatice
Banskobystrický;Rimavská Sobota;Lehota nad Rimavicou
Banskobystrický;Rimavská Sobota;Lenartovce
Banskobystrický;Rimavská Sobota;Lenka
Banskobystrický;Rimavská Sobota;Lipovec
Banskobystrický;Rimavská Sobota;Lukovištia
Banskobystrický;Rimavská Sobota;Martinová
Banskobystrický;Rimavská Sobota;Neporadza
Banskobystrický;Rimavská Sobota;Nižný Skálnik
Banskobystrický;Rimavská Sobota;Nová Bašta
Banskobystrický;Rimavská Sobota;Orávka
Banskobystrický;Rimavská Sobota;Ožďany
Banskobystrický;Rimavská Sobota;Padarovce
Banskobystrický;Rimavská Sobota;Pavlovce
Banskobystrický;Rimavská Sobota;Petrovce
Banskobystrický;Rimavská Sobota;Poproč
Banskobystrický;Rimavská Sobota;Potok
Banskobystrický;Rimavská Sobota;Radnovce
Banskobystrický;Rimavská Sobota;Rakytník
Banskobystrický;Rimavská Sobota;Ratkovská Lehota
Banskobystrický;Rimavská Sobota;Ratkovská Suchá
Banskobystrický;Rimavská Sobota;Riečka
Banskobystrický;Rimavská Sobota;Rimavská Baňa
Banskobystrický;Rimavská Sobota;Rimavská Seč
Banskobystrický;Rimavská Sobota;Rimavská Sobota
Banskobystrický;Rimavská Sobota;Rimavské Brezovo
Banskobystrický;Rimavská Sobota;Rimavské Janovce
Banskobystrický;Rimavská Sobota;Rimavské Zalužany
Banskobystrický;Rimavská Sobota;Rovné
Banskobystrický;Rimavská Sobota;Rumince
Banskobystrický;Rimavská Sobota;Slizké
Banskobystrický;Rimavská Sobota;Stará Bašta
Banskobystrický;Rimavská Sobota;Stránska
Banskobystrický;Rimavská Sobota;Studená
Banskobystrický;Rimavská Sobota;Sútor
Banskobystrický;Rimavská Sobota;Šimonovce
Banskobystrický;Rimavská Sobota;Širkovce
Banskobystrický;Rimavská Sobota;Španie Pole
Banskobystrický;Rimavská Sobota;Štrkovec
Banskobystrický;Rimavská Sobota;Tachty
Banskobystrický;Rimavská Sobota;Teplý Vrch
Banskobystrický;Rimavská Sobota;Tisovec
Banskobystrický;Rimavská Sobota;Tomášovce
Banskobystrický;Rimavská Sobota;Uzovská Panica
Banskobystrický;Rimavská Sobota;Valice
Banskobystrický;Rimavská Sobota;Včelince
Banskobystrický;Rimavská Sobota;Večelkov
Banskobystrický;Rimavská Sobota;Veľké Teriakovce
Banskobystrický;Rimavská Sobota;Veľký Blh
Banskobystrický;Rimavská Sobota;Vieska nad Blhom
Banskobystrický;Rimavská Sobota;Vlkyňa
Banskobystrický;Rimavská Sobota;Vyšné Valice
Banskobystrický;Rimavská Sobota;Vyšný Skálnik
Banskobystrický;Rimavská Sobota;Zádor
Banskobystrický;Rimavská Sobota;Zacharovce
Banskobystrický;Rimavská Sobota;Žíp
Banskobystrický;Veľký Krtíš;Balog nad Ipľom
Banskobystrický;Veľký Krtíš;Bátorová
Banskobystrický;Veľký Krtíš;Brusník
Banskobystrický;Veľký Krtíš;Bušince
Banskobystrický;Veľký Krtíš;Čebovce
Banskobystrický;Veľký Krtíš;Čeláre
Banskobystrický;Veľký Krtíš;Čelovce
Banskobystrický;Veľký Krtíš;Červeňany
Banskobystrický;Veľký Krtíš;Dačov Lom
Banskobystrický;Veľký Krtíš;Dolinka
Banskobystrický;Veľký Krtíš;Dolná Strehová
Banskobystrický;Veľký Krtíš;Dolné Plachtince
Banskobystrický;Veľký Krtíš;Dolné Strháre
Banskobystrický;Veľký Krtíš;Ďurkovce
Banskobystrický;Veľký Krtíš;Glabušovce
Banskobystrický;Veľký Krtíš;Horná Strehová
Banskobystrický;Veľký Krtíš;Horné Plachtince
Banskobystrický;Veľký Krtíš;Horné Strháre
Banskobystrický;Veľký Krtíš;Hrušov
Banskobystrický;Veľký Krtíš;Chrastince
Banskobystrický;Veľký Krtíš;Chrťany
Banskobystrický;Veľký Krtíš;Ipeľské Predmostie
Banskobystrický;Veľký Krtíš;Kamenné Kosihy
Banskobystrický;Veľký Krtíš;Kiarov
Banskobystrický;Veľký Krtíš;Kleňany
Banskobystrický;Veľký Krtíš;Koláre
Banskobystrický;Veľký Krtíš;Kosihovce
Banskobystrický;Veľký Krtíš;Kosihy nad Ipľom
Banskobystrický;Veľký Krtíš;Kováčovce
Banskobystrický;Veľký Krtíš;Lesenice
Banskobystrický;Veľký Krtíš;Ľuboriečka
Banskobystrický;Veľký Krtíš;Malá Čalomija
Banskobystrický;Veľký Krtíš;Malé Straciny
Banskobystrický;Veľký Krtíš;Malé Zlievce
Banskobystrický;Veľký Krtíš;Malý Krtíš
Banskobystrický;Veľký Krtíš;Modrý Kameň
Banskobystrický;Veľký Krtíš;Muľa
Banskobystrický;Veľký Krtíš;Nenince
Banskobystrický;Veľký Krtíš;Nová Ves
Banskobystrický;Veľký Krtíš;Obeckov
Banskobystrický;Veľký Krtíš;Olováry
Banskobystrický;Veľký Krtíš;Opatovská Nová Ves
Banskobystrický;Veľký Krtíš;Opava
Banskobystrický;Veľký Krtíš;Pôtor
Banskobystrický;Veľký Krtíš;Pravica
Banskobystrický;Veľký Krtíš;Príbelce
Banskobystrický;Veľký Krtíš;Sečianky
Banskobystrický;Veľký Krtíš;Seľany
Banskobystrický;Veľký Krtíš;Senné
Banskobystrický;Veľký Krtíš;Sklabiná
Banskobystrický;Veľký Krtíš;Slovenské Ďarmoty
Banskobystrický;Veľký Krtíš;Slovenské Kľačany
Banskobystrický;Veľký Krtíš;Stredné Plachtince
Banskobystrický;Veľký Krtíš;Sucháň
Banskobystrický;Veľký Krtíš;Suché Brezovo
Banskobystrický;Veľký Krtíš;Širákov
Banskobystrický;Veľký Krtíš;Šuľa
Banskobystrický;Veľký Krtíš;Trebušovce
Banskobystrický;Veľký Krtíš;Veľká Čalomija
Banskobystrický;Veľký Krtíš;Veľká Ves nad Ipľom
Banskobystrický;Veľký Krtíš;Veľké Straciny
Banskobystrický;Veľký Krtíš;Veľké Zlievce
Banskobystrický;Veľký Krtíš;Veľký Krtíš
Banskobystrický;Veľký Krtíš;Veľký Lom
Banskobystrický;Veľký Krtíš;Vieska
Banskobystrický;Veľký Krtíš;Vinica
Banskobystrický;Veľký Krtíš;Vrbovka
Banskobystrický;Veľký Krtíš;Záhorce
Banskobystrický;Veľký Krtíš;Závada
Banskobystrický;Veľký Krtíš;Zombor
Banskobystrický;Veľký Krtíš;Želovce
Banskobystrický;Zvolen;Babiná
Banskobystrický;Zvolen;Bacúrov
Banskobystrický;Zvolen;Breziny
Banskobystrický;Zvolen;Budča
Banskobystrický;Zvolen;Bzovská Lehôtka
Banskobystrický;Zvolen;Dobrá Niva
Banskobystrický;Zvolen;Dubové
Banskobystrický;Zvolen;Hronská Breznica
Banskobystrický;Zvolen;Kováčová
Banskobystrický;Zvolen;Lešť (vojenský obvod)
Banskobystrický;Zvolen;Lieskovec
Banskobystrický;Zvolen;Lukavica
Banskobystrický;Zvolen;Michalková
Banskobystrický;Zvolen;Očová
Banskobystrický;Zvolen;Ostrá Lúka
Banskobystrický;Zvolen;Pliešovce
Banskobystrický;Zvolen;Podzámčok
Banskobystrický;Zvolen;Sása
Banskobystrický;Zvolen;Sielnica
Banskobystrický;Zvolen;Sliač
Banskobystrický;Zvolen;Tŕnie
Banskobystrický;Zvolen;Turová
Banskobystrický;Zvolen;Veľká Lúka
Banskobystrický;Zvolen;Zvolen
Banskobystrický;Zvolen;Zvolenská Slatina
Banskobystrický;Zvolen;Železná Breznica
Banskobystrický;Žarnovica;Brehy
Banskobystrický;Žarnovica;Hodruša - Hámre
Banskobystrický;Žarnovica;Horné Hámre
Banskobystrický;Žarnovica;Hrabičov
Banskobystrický;Žarnovica;Hronský Beňadik
Banskobystrický;Žarnovica;Kľak
Banskobystrický;Žarnovica;Malá Lehota
Banskobystrický;Žarnovica;Nová Baňa
Banskobystrický;Žarnovica;Orovnica
Banskobystrický;Žarnovica;Ostrý Grúň
Banskobystrický;Žarnovica;Píla
Banskobystrický;Žarnovica;Rudno nad Hronom
Banskobystrický;Žarnovica;Tekovská Breznica
Banskobystrický;Žarnovica;Veľká Lehota
Banskobystrický;Žarnovica;Veľké Pole
Banskobystrický;Žarnovica;Voznica
Banskobystrický;Žarnovica;Žarnovica
Banskobystrický;Žarnovica;Župkov
Banskobystrický;Žiar nad Hronom;Bartošova Lehôtka
Banskobystrický;Žiar nad Hronom;Bzenica
Banskobystrický;Žiar nad Hronom;Dolná Trnávka
Banskobystrický;Žiar nad Hronom;Dolná Ves
Banskobystrický;Žiar nad Hronom;Dolná Ždaňa
Banskobystrický;Žiar nad Hronom;Hliník nad Hronom
Banskobystrický;Žiar nad Hronom;Horná Ves
Banskobystrický;Žiar nad Hronom;Horná Ždaňa
Banskobystrický;Žiar nad Hronom;Hronská Dúbrava
Banskobystrický;Žiar nad Hronom;Ihráč
Banskobystrický;Žiar nad Hronom;Janova Lehota
Banskobystrický;Žiar nad Hronom;Jastrabá
Banskobystrický;Žiar nad Hronom;Kopernica
Banskobystrický;Žiar nad Hronom;Kosorín
Banskobystrický;Žiar nad Hronom;Krahule
Banskobystrický;Žiar nad Hronom;Kremnica
Banskobystrický;Žiar nad Hronom;Kremnické Bane
Banskobystrický;Žiar nad Hronom;Kunešov
Banskobystrický;Žiar nad Hronom;Ladomerská Vieska
Banskobystrický;Žiar nad Hronom;Lehôtka pod Brehmi
Banskobystrický;Žiar nad Hronom;Lovča
Banskobystrický;Žiar nad Hronom;Lovčica - Trubín
Banskobystrický;Žiar nad Hronom;Lúčky
Banskobystrický;Žiar nad Hronom;Lutila
Banskobystrický;Žiar nad Hronom;Nevoľné
Banskobystrický;Žiar nad Hronom;Pitelová
Banskobystrický;Žiar nad Hronom;Prestavlky
Banskobystrický;Žiar nad Hronom;Prochot
Banskobystrický;Žiar nad Hronom;Repište
Banskobystrický;Žiar nad Hronom;Sklené Teplice
Banskobystrický;Žiar nad Hronom;Slaská
Banskobystrický;Žiar nad Hronom;Stará Kremnička
Banskobystrický;Žiar nad Hronom;Trnavá Hora
Banskobystrický;Žiar nad Hronom;Vyhne
Banskobystrický;Žiar nad Hronom;Žiar nad Hronom
Prešovský;Bardejov;Abrahámovce
Prešovský;Bardejov;Andrejová
Prešovský;Bardejov;Bardejov
Prešovský;Bardejov;Bartošovce
Prešovský;Bardejov;Becherov
Prešovský;Bardejov;Beloveža
Prešovský;Bardejov;Bogliarka
Prešovský;Bardejov;Brezov
Prešovský;Bardejov;Brezovka
Prešovský;Bardejov;Buclovany
Prešovský;Bardejov;Cigeľka
Prešovský;Bardejov;Dubinné
Prešovský;Bardejov;Frička
Prešovský;Bardejov;Fričkovce
Prešovský;Bardejov;Gaboltov
Prešovský;Bardejov;Gerlachov
Prešovský;Bardejov;Hankovce
Prešovský;Bardejov;Harhaj
Prešovský;Bardejov;Hažlín
Prešovský;Bardejov;Hertník
Prešovský;Bardejov;Hervartov
Prešovský;Bardejov;Hrabovec
Prešovský;Bardejov;Hrabské
Prešovský;Bardejov;Hutka
Prešovský;Bardejov;Chmeľová
Prešovský;Bardejov;Janovce
Prešovský;Bardejov;Jedlinka
Prešovský;Bardejov;Kľušov
Prešovský;Bardejov;Kobyly
Prešovský;Bardejov;Kochanovce
Prešovský;Bardejov;Komárov
Prešovský;Bardejov;Koprivnica
Prešovský;Bardejov;Kožany
Prešovský;Bardejov;Krivé
Prešovský;Bardejov;Kríže
Prešovský;Bardejov;Kružlov
Prešovský;Bardejov;Kučín
Prešovský;Bardejov;Kurima
Prešovský;Bardejov;Kurov
Prešovský;Bardejov;Lascov
Prešovský;Bardejov;Lenartov
Prešovský;Bardejov;Lipová
Prešovský;Bardejov;Livov
Prešovský;Bardejov;Livovská Huta
Prešovský;Bardejov;Lopúchov
Prešovský;Bardejov;Lukavica
Prešovský;Bardejov;Lukov
Prešovský;Bardejov;Malcov
Prešovský;Bardejov;Marhaň
Prešovský;Bardejov;Mikulášová
Prešovský;Bardejov;Mokroluh
Prešovský;Bardejov;Nemcovce
Prešovský;Bardejov;Nižná Polianka
Prešovský;Bardejov;Nižná Voľa
Prešovský;Bardejov;Nižný Tvarožec
Prešovský;Bardejov;Oľšavce
Prešovský;Bardejov;Ondavka
Prešovský;Bardejov;Ortuťová
Prešovský;Bardejov;Osikov
Prešovský;Bardejov;Petrová
Prešovský;Bardejov;Poliakovce
Prešovský;Bardejov;Porúbka
Prešovský;Bardejov;Raslavice
Prešovský;Bardejov;Regetovka
Prešovský;Bardejov;Rešov
Prešovský;Bardejov;Richvald
Prešovský;Bardejov;Rokytov
Prešovský;Bardejov;Smilno
Prešovský;Bardejov;Snakov
Prešovský;Bardejov;Stebnícka Huta
Prešovský;Bardejov;Stebník
Prešovský;Bardejov;Stuľany
Prešovský;Bardejov;Sveržov
Prešovský;Bardejov;Šarišské Čierne
Prešovský;Bardejov;Šašová
Prešovský;Bardejov;Šiba
Prešovský;Bardejov;Tarnov
Prešovský;Bardejov;Tročany
Prešovský;Bardejov;Vaniškovce
Prešovský;Bardejov;Varadka
Prešovský;Bardejov;Vyšná Polianka
Prešovský;Bardejov;Vyšná Voľa
Prešovský;Bardejov;Vyšný Kručov
Prešovský;Bardejov;Vyšný Tvarožec
Prešovský;Bardejov;Zborov
Prešovský;Bardejov;Zlaté
Prešovský;Humenné;Adidovce
Prešovský;Humenné;Baškovce
Prešovský;Humenné;Brekov
Prešovský;Humenné;Brestov
Prešovský;Humenné;Černina
Prešovský;Humenné;Dedačov
Prešovský;Humenné;Gruzovce
Prešovský;Humenné;Hankovce
Prešovský;Humenné;Hažín nad Cirochou
Prešovský;Humenné;Hrabovec nad Laborcom
Prešovský;Humenné;Hrubov
Prešovský;Humenné;Hudcovce
Prešovský;Humenné;Humenné
Prešovský;Humenné;Chlmec
Prešovský;Humenné;Jabloň
Prešovský;Humenné;Jankovce
Prešovský;Humenné;Jasenov
Prešovský;Humenné;Kamenica nad Cirochou
Prešovský;Humenné;Kamienka
Prešovský;Humenné;Karná
Prešovský;Humenné;Kochanovce
Prešovský;Humenné;Košarovce
Prešovský;Humenné;Koškovce
Prešovský;Humenné;Lackovce
Prešovský;Humenné;Lieskovec
Prešovský;Humenné;Ľubiša
Prešovský;Humenné;Lukačovce
Prešovský;Humenné;Maškovce
Prešovský;Humenné;Modra nad Cirochou
Prešovský;Humenné;Myslina
Prešovský;Humenné;Nechválova Polianka
Prešovský;Humenné;Nižná Jablonka
Prešovský;Humenné;Nižná Sitnica
Prešovský;Humenné;Nižné Ladičkovce
Prešovský;Humenné;Ohradzany
Prešovský;Humenné;Pakostov
Prešovský;Humenné;Papín
Prešovský;Humenné;Porúbka
Prešovský;Humenné;Prituľany
Prešovský;Humenné;Ptičie
Prešovský;Humenné;Rohožník
Prešovský;Humenné;Rokytov pri Humennom
Prešovský;Humenné;Rovné
Prešovský;Humenné;Ruská Kajňa
Prešovský;Humenné;Ruská Poruba
Prešovský;Humenné;Slovenská Volová
Prešovský;Humenné;Slovenské Krivé
Prešovský;Humenné;Sopkovce
Prešovský;Humenné;Topoľovka
Prešovský;Humenné;Turcovce
Prešovský;Humenné;Udavské
Prešovský;Humenné;Valaškovce (vojenský obvod)
Prešovský;Humenné;Veľopolie
Prešovský;Humenné;Víťazovce
Prešovský;Humenné;Vyšná Jablonka
Prešovský;Humenné;Vyšná Sitnica
Prešovský;Humenné;Vyšné Ladičkovce
Prešovský;Humenné;Vyšný Hrušov
Prešovský;Humenné;Závada
Prešovský;Humenné;Závadka
Prešovský;Humenné;Zbudské Dlhé
Prešovský;Humenné;Zubné
Prešovský;Kežmarok;Abrahámovce
Prešovský;Kežmarok;Bušovce
Prešovský;Kežmarok;Červený Kláštor
Prešovský;Kežmarok;Havka
Prešovský;Kežmarok;Holumnica
Prešovský;Kežmarok;Hradisko
Prešovský;Kežmarok;Huncovce
Prešovský;Kežmarok;Ihľany
Prešovský;Kežmarok;Jezersko
Prešovský;Kežmarok;Jurské
Prešovský;Kežmarok;Kežmarok
Prešovský;Kežmarok;Krížová Ves
Prešovský;Kežmarok;Lechnica
Prešovský;Kežmarok;Lendak
Prešovský;Kežmarok;Ľubica
Prešovský;Kežmarok;Majere
Prešovský;Kežmarok;Malá Franková
Prešovský;Kežmarok;Malý Slavkov
Prešovský;Kežmarok;Matiašovce
Prešovský;Kežmarok;Mlynčeky
Prešovský;Kežmarok;Osturňa
Prešovský;Kežmarok;Podhorany
Prešovský;Kežmarok;Rakúsy
Prešovský;Kežmarok;Reľov
Prešovský;Kežmarok;Slovenská Ves
Prešovský;Kežmarok;Spišská Belá
Prešovský;Kežmarok;Spišská Stará Ves
Prešovský;Kežmarok;Spišské Hanušovce
Prešovský;Kežmarok;Stará Lesná
Prešovský;Kežmarok;Stráne pod Tatrami
Prešovský;Kežmarok;Toporec
Prešovský;Kežmarok;Tvarožná
Prešovský;Kežmarok;Veľká Franková
Prešovský;Kežmarok;Veľká Lomnica
Prešovský;Kežmarok;Vlková
Prešovský;Kežmarok;Vlkovce
Prešovský;Kežmarok;Vojňany
Prešovský;Kežmarok;Vrbov
Prešovský;Kežmarok;Výborná
Prešovský;Kežmarok;Zálesie
Prešovský;Kežmarok;Žakovce
Prešovský;Levoča;Baldovce
Prešovský;Levoča;Beharovce
Prešovský;Levoča;Bijacovce
Prešovský;Levoča;Brutovce
Prešovský;Levoča;Buglovce
Prešovský;Levoča;Dlhé Stráže
Prešovský;Levoča;Doľany
Prešovský;Levoča;Domaňovce
Prešovský;Levoča;Dravce
Prešovský;Levoča;Dúbrava
Prešovský;Levoča;Granč - Petrovce
Prešovský;Levoča;Harakovce
Prešovský;Levoča;Jablonov
Prešovský;Levoča;Klčov
Prešovský;Levoča;Korytné
Prešovský;Levoča;Kurimany
Prešovský;Levoča;Levoča
Prešovský;Levoča;Lúčka
Prešovský;Levoča;Nemešany
Prešovský;Levoča;Nižné Repaše
Prešovský;Levoča;Oľšavica
Prešovský;Levoča;Ordzovany
Prešovský;Levoča;Pavľany
Prešovský;Levoča;Poľanovce
Prešovský;Levoča;Pongrácovce
Prešovský;Levoča;Spišské Podhradie
Prešovský;Levoča;Spišský Hrhov
Prešovský;Levoča;Spišský Štvrtok
Prešovský;Levoča;Studenec
Prešovský;Levoča;Torysky
Prešovský;Levoča;Uloža
Prešovský;Levoča;Vyšné Repaše
Prešovský;Levoča;Vyšný Slavkov
Prešovský;Medzilaborce;Brestov nad Laborcom
Prešovský;Medzilaborce;Čabalovce
Prešovský;Medzilaborce;Čabiny
Prešovský;Medzilaborce;Čertižné
Prešovský;Medzilaborce;Habura
Prešovský;Medzilaborce;Kalinov
Prešovský;Medzilaborce;Krásny Brod
Prešovský;Medzilaborce;Medzilaborce
Prešovský;Medzilaborce;Ňagov
Prešovský;Medzilaborce;Oľka
Prešovský;Medzilaborce;Oľšinkov
Prešovský;Medzilaborce;Palota
Prešovský;Medzilaborce;Radvaň nad Laborcom
Prešovský;Medzilaborce;Repejov
Prešovský;Medzilaborce;Rokytovce
Prešovský;Medzilaborce;Roškovce
Prešovský;Medzilaborce;Sukov
Prešovský;Medzilaborce;Svetlice
Prešovský;Medzilaborce;Valentovce
Prešovský;Medzilaborce;Volica
Prešovský;Medzilaborce;Výrava
Prešovský;Medzilaborce;Zbojné
Prešovský;Medzilaborce;Zbudská Belá
Prešovský;Poprad;Batizovce
Prešovský;Poprad;Gánovce
Prešovský;Poprad;Gerlachov
Prešovský;Poprad;Hozelec
Prešovský;Poprad;Hôrka
Prešovský;Poprad;Hranovnica
Prešovský;Poprad;Jánovce
Prešovský;Poprad;Kravany
Prešovský;Poprad;Liptovská Teplička
Prešovský;Poprad;Lučivná
Prešovský;Poprad;Mengusovce
Prešovský;Poprad;Mlynica
Prešovský;Poprad;Nová Lesná
Prešovský;Poprad;Poprad
Prešovský;Poprad;Spišská Teplica
Prešovský;Poprad;Spišské Bystré
Prešovský;Poprad;Spišský Štiavnik
Prešovský;Poprad;Svit
Prešovský;Poprad;Štôla
Prešovský;Poprad;Štrba
Prešovský;Poprad;Šuňava
Prešovský;Poprad;Švábovce
Prešovský;Poprad;Tatranská Javorina
Prešovský;Poprad;Veľký Slavkov
Prešovský;Poprad;Vernár
Prešovský;Poprad;Vikartovce
Prešovský;Poprad;Vydrník
Prešovský;Poprad;Vysoké Tatry
Prešovský;Poprad;Ždiar
Prešovský;Prešov;Abranovce
Prešovský;Prešov;Bajerov
Prešovský;Prešov;Bertotovce
Prešovský;Prešov;Brestov
Prešovský;Prešov;Bretejovce
Prešovský;Prešov;Brežany
Prešovský;Prešov;Bzenov
Prešovský;Prešov;Čelovce
Prešovský;Prešov;Červenica
Prešovský;Prešov;Demjata
Prešovský;Prešov;Drienov
Prešovský;Prešov;Drienovská Nová Ves
Prešovský;Prešov;Dulova Ves
Prešovský;Prešov;Fintice
Prešovský;Prešov;Fričovce
Prešovský;Prešov;Fulianka
Prešovský;Prešov;Geraltov
Prešovský;Prešov;Gregorovce
Prešovský;Prešov;Haniska
Prešovský;Prešov;Hendrichovce
Prešovský;Prešov;Hermanovce
Prešovský;Prešov;Hrabkov
Prešovský;Prešov;Chmeľov
Prešovský;Prešov;Chmeľovec
Prešovský;Prešov;Chmiňany
Prešovský;Prešov;Chminianska Nová Ves
Prešovský;Prešov;Chminianske Jakubovany
Prešovský;Prešov;Janov
Prešovský;Prešov;Janovík
Prešovský;Prešov;Kapušany
Prešovský;Prešov;Kendice
Prešovský;Prešov;Klenov
Prešovský;Prešov;Kojatice
Prešovský;Prešov;Kokošovce
Prešovský;Prešov;Krížovany
Prešovský;Prešov;Kvačany
Prešovský;Prešov;Lada
Prešovský;Prešov;Lažany
Prešovský;Prešov;Lemešany
Prešovský;Prešov;Lesíček
Prešovský;Prešov;Ličartovce
Prešovský;Prešov;Lipníky
Prešovský;Prešov;Lipovce
Prešovský;Prešov;Ľubotice
Prešovský;Prešov;Ľubovec
Prešovský;Prešov;Lúčina
Prešovský;Prešov;Malý Slivník
Prešovský;Prešov;Malý Šariš
Prešovský;Prešov;Medzany
Prešovský;Prešov;Miklušovce
Prešovský;Prešov;Mirkovce
Prešovský;Prešov;Mošurov
Prešovský;Prešov;Nemcovce
Prešovský;Prešov;Okružná
Prešovský;Prešov;Ondrašovce
Prešovský;Prešov;Ovčie
Prešovský;Prešov;Petrovany
Prešovský;Prešov;Podhorany
Prešovský;Prešov;Podhradík
Prešovský;Prešov;Prešov
Prešovský;Prešov;Proč
Prešovský;Prešov;Pušovce
Prešovský;Prešov;Radatice
Prešovský;Prešov;Rokycany
Prešovský;Prešov;Ruská Nová Ves
Prešovský;Prešov;Sedlice
Prešovský;Prešov;Seniakovce
Prešovský;Prešov;Suchá Dolina
Prešovský;Prešov;Svinia
Prešovský;Prešov;Šarišská Poruba
Prešovský;Prešov;Šarišská Trstená
Prešovský;Prešov;Šarišské Bohdanovce
Prešovský;Prešov;Šindliar
Prešovský;Prešov;Široké
Prešovský;Prešov;Štefanovce
Prešovský;Prešov;Teriakovce
Prešovský;Prešov;Terňa
Prešovský;Prešov;Trnkov
Prešovský;Prešov;Tuhrina
Prešovský;Prešov;Tulčík
Prešovský;Prešov;Varhaňovce
Prešovský;Prešov;Veľký Slivník
Prešovský;Prešov;Veľký Šariš
Prešovský;Prešov;Víťaz
Prešovský;Prešov;Vyšná Šebastová
Prešovský;Prešov;Záborské
Prešovský;Prešov;Záhradné
Prešovský;Prešov;Zlatá Baňa
Prešovský;Prešov;Žehňa
Prešovský;Prešov;Žipov
Prešovský;Prešov;Župčany
Prešovský;Sabinov;Bajerovce
Prešovský;Sabinov;Bodovce
Prešovský;Sabinov;Brezovica
Prešovský;Sabinov;Brezovička
Prešovský;Sabinov;Červená Voda
Prešovský;Sabinov;Červenica pri Sabinove
Prešovský;Sabinov;Ďačov
Prešovský;Sabinov;Daletice
Prešovský;Sabinov;Drienica
Prešovský;Sabinov;Dubovica
Prešovský;Sabinov;Hanigovce
Prešovský;Sabinov;Hubošovce
Prešovský;Sabinov;Jakovany
Prešovský;Sabinov;Jakubova Voľa
Prešovský;Sabinov;Jakubovany
Prešovský;Sabinov;Jarovnice
Prešovský;Sabinov;Kamenica
Prešovský;Sabinov;Krásna Lúka
Prešovský;Sabinov;Krivany
Prešovský;Sabinov;Lipany
Prešovský;Sabinov;Lúčka
Prešovský;Sabinov;Ľutina
Prešovský;Sabinov;Milpoš
Prešovský;Sabinov;Nižný Slavkov
Prešovský;Sabinov;Olejníkov
Prešovský;Sabinov;Oľšov
Prešovský;Sabinov;Ostrovany
Prešovský;Sabinov;Pečovská Nová Ves
Prešovský;Sabinov;Poloma
Prešovský;Sabinov;Ratvaj
Prešovský;Sabinov;Ražňany
Prešovský;Sabinov;Renčišov
Prešovský;Sabinov;Rožkovany
Prešovský;Sabinov;Sabinov
Prešovský;Sabinov;Šarišské Dravce
Prešovský;Sabinov;Šarišské Michaľany
Prešovský;Sabinov;Šarišské Sokolovce
Prešovský;Sabinov;Tichý Potok
Prešovský;Sabinov;Torysa
Prešovský;Sabinov;Uzovce
Prešovský;Sabinov;Uzovské Pekľany
Prešovský;Sabinov;Uzovský Šalgov
Prešovský;Sabinov;Vysoká
Prešovský;Snina;Belá nad Cirochou
Prešovský;Snina;Brezovec
Prešovský;Snina;Čukalovce
Prešovský;Snina;Dlhé nad Cirochou
Prešovský;Snina;Dúbrava
Prešovský;Snina;Hostovice
Prešovský;Snina;Hrabová Roztoka
Prešovský;Snina;Jalová
Prešovský;Snina;Kalná Roztoka
Prešovský;Snina;Klenová
Prešovský;Snina;Kolbasov
Prešovský;Snina;Kolonica
Prešovský;Snina;Ladomirov
Prešovský;Snina;Michajlov
Prešovský;Snina;Nová Sedlica
Prešovský;Snina;Osadné
Prešovský;Snina;Parihuzovce
Prešovský;Snina;Pčoliné
Prešovský;Snina;Pichne
Prešovský;Snina;Príslop
Prešovský;Snina;Runina
Prešovský;Snina;Ruská Volová
Prešovský;Snina;Ruský Potok
Prešovský;Snina;Snina
Prešovský;Snina;Stakčín
Prešovský;Snina;Stakčínska Roztoka
Prešovský;Snina;Strihovce
Prešovský;Snina;Šmigovec
Prešovský;Snina;Topoľa
Prešovský;Snina;Ubľa
Prešovský;Snina;Ulič
Prešovský;Snina;Uličské Krivé
Prešovský;Snina;Zboj
Prešovský;Snina;Zemplínske Hámre
Prešovský;Stará Ľubovňa;Čirč
Prešovský;Stará Ľubovňa;Ďurková
Prešovský;Stará Ľubovňa;Forbasy
Prešovský;Stará Ľubovňa;Hajtovka
Prešovský;Stará Ľubovňa;Haligovce
Prešovský;Stará Ľubovňa;Hniezdne
Prešovský;Stará Ľubovňa;Hraničné
Prešovský;Stará Ľubovňa;Hromoš
Prešovský;Stará Ľubovňa;Chmeľnica
Prešovský;Stará Ľubovňa;Jakubany
Prešovský;Stará Ľubovňa;Jarabina
Prešovský;Stará Ľubovňa;Kamienka
Prešovský;Stará Ľubovňa;Kolačkov
Prešovský;Stará Ľubovňa;Kremná
Prešovský;Stará Ľubovňa;Kyjov
Prešovský;Stará Ľubovňa;Lacková
Prešovský;Stará Ľubovňa;Legnava
Prešovský;Stará Ľubovňa;Lesnica
Prešovský;Stará Ľubovňa;Litmanová
Prešovský;Stará Ľubovňa;Lomnička
Prešovský;Stará Ľubovňa;Ľubotín
Prešovský;Stará Ľubovňa;Malý Lipník
Prešovský;Stará Ľubovňa;Matysová
Prešovský;Stará Ľubovňa;Mníšek nad Popradom
Prešovský;Stará Ľubovňa;Nižné Ružbachy
Prešovský;Stará Ľubovňa;Nová Ľubovňa
Prešovský;Stará Ľubovňa;Obručné
Prešovský;Stará Ľubovňa;Orlov
Prešovský;Stará Ľubovňa;Plaveč
Prešovský;Stará Ľubovňa;Plavnica
Prešovský;Stará Ľubovňa;Podolínec
Prešovský;Stará Ľubovňa;Pusté Pole
Prešovský;Stará Ľubovňa;Ruská Voľa nad Popradom
Prešovský;Stará Ľubovňa;Stará Ľubovňa
Prešovský;Stará Ľubovňa;Starina
Prešovský;Stará Ľubovňa;Stráňany
Prešovský;Stará Ľubovňa;Sulín
Prešovský;Stará Ľubovňa;Šambron
Prešovský;Stará Ľubovňa;Šarišské Jastrabie
Prešovský;Stará Ľubovňa;Údol
Prešovský;Stará Ľubovňa;Veľká Lesná
Prešovský;Stará Ľubovňa;Veľký Lipník
Prešovský;Stará Ľubovňa;Vislanka
Prešovský;Stará Ľubovňa;Vyšné Ružbachy
Prešovský;Stropkov;Baňa
Prešovský;Stropkov;Breznica
Prešovský;Stropkov;Breznička
Prešovský;Stropkov;Brusnica
Prešovský;Stropkov;Bukovce
Prešovský;Stropkov;Bystrá
Prešovský;Stropkov;Bžany
Prešovský;Stropkov;Duplín
Prešovský;Stropkov;Gribov
Prešovský;Stropkov;Havaj
Prešovský;Stropkov;Chotča
Prešovský;Stropkov;Jakušovce
Prešovský;Stropkov;Kolbovce
Prešovský;Stropkov;Korunková
Prešovský;Stropkov;Kožuchovce
Prešovský;Stropkov;Krišľovce
Prešovský;Stropkov;Kručov
Prešovský;Stropkov;Krušinec
Prešovský;Stropkov;Lomné
Prešovský;Stropkov;Makovce
Prešovský;Stropkov;Malá Poľana
Prešovský;Stropkov;Miková
Prešovský;Stropkov;Miňovce
Prešovský;Stropkov;Mrázovce
Prešovský;Stropkov;Nižná Olšava
Prešovský;Stropkov;Oľšavka
Prešovský;Stropkov;Potoky
Prešovský;Stropkov;Potôčky
Prešovský;Stropkov;Soľník
Prešovský;Stropkov;Staškovce
Prešovský;Stropkov;Stropkov
Prešovský;Stropkov;Šandal
Prešovský;Stropkov;Tisinec
Prešovský;Stropkov;Tokajík
Prešovský;Stropkov;Turany nad Ondavou
Prešovský;Stropkov;Varechovce
Prešovský;Stropkov;Veľkrop
Prešovský;Stropkov;Vislava
Prešovský;Stropkov;Vladiča
Prešovský;Stropkov;Vojtovce
Prešovský;Stropkov;Vyškovce
Prešovský;Stropkov;Vyšná Olšava
Prešovský;Stropkov;Vyšný Hrabovec
Prešovský;Svidník;Belejovce
Prešovský;Svidník;Beňadikovce
Prešovský;Svidník;Bodružal
Prešovský;Svidník;Cernina
Prešovský;Svidník;Cigla
Prešovský;Svidník;Dlhoňa
Prešovský;Svidník;Dobroslava
Prešovský;Svidník;Dubová
Prešovský;Svidník;Dukovce
Prešovský;Svidník;Fijaš
Prešovský;Svidník;Giraltovce
Prešovský;Svidník;Havranec
Prešovský;Svidník;Hrabovčík
Prešovský;Svidník;Hunkovce
Prešovský;Svidník;Jurkova Voľa
Prešovský;Svidník;Kalnište
Prešovský;Svidník;Kapišová
Prešovský;Svidník;Kečkovce
Prešovský;Svidník;Kobylnice
Prešovský;Svidník;Korejovce
Prešovský;Svidník;Kračúnovce
Prešovský;Svidník;Krajná Bystrá
Prešovský;Svidník;Krajná Poľana
Prešovský;Svidník;Krajná Porúbka
Prešovský;Svidník;Krajné Čierno
Prešovský;Svidník;Kružlová
Prešovský;Svidník;Kuková
Prešovský;Svidník;Kurimka
Prešovský;Svidník;Ladomirová
Prešovský;Svidník;Lúčka
Prešovský;Svidník;Lužany pri Topli
Prešovský;Svidník;Matovce
Prešovský;Svidník;Medvedie
Prešovský;Svidník;Mestisko
Prešovský;Svidník;Mičakovce
Prešovský;Svidník;Miroľa
Prešovský;Svidník;Mlynárovce
Prešovský;Svidník;Nižná Jedľová
Prešovský;Svidník;Nižná Pisaná
Prešovský;Svidník;Nižný Komárnik
Prešovský;Svidník;Nižný Mirošov
Prešovský;Svidník;Nižný Orlík
Prešovský;Svidník;Nová Polianka
Prešovský;Svidník;Okrúhle
Prešovský;Svidník;Príkra
Prešovský;Svidník;Pstriná
Prešovský;Svidník;Radoma
Prešovský;Svidník;Rakovčík
Prešovský;Svidník;Rovné
Prešovský;Svidník;Roztoky
Prešovský;Svidník;Soboš
Prešovský;Svidník;Stročín
Prešovský;Svidník;Svidnička
Prešovský;Svidník;Svidník
Prešovský;Svidník;Šarbov
Prešovský;Svidník;Šarišský Štiavnik
Prešovský;Svidník;Šemetkovce
Prešovský;Svidník;Štefurov
Prešovský;Svidník;Vagrinec
Prešovský;Svidník;Valkovce
Prešovský;Svidník;Vápeník
Prešovský;Svidník;Vyšná Jedľová
Prešovský;Svidník;Vyšná Pisaná
Prešovský;Svidník;Vyšný Komárnik
Prešovský;Svidník;Vyšný Mirošov
Prešovský;Svidník;Vyšný Orlík
Prešovský;Svidník;Železník
Prešovský;Svidník;Želmanovce
Prešovský;Vranov nad Topľou;Babie
Prešovský;Vranov nad Topľou;Banské
Prešovský;Vranov nad Topľou;Benkovce
Prešovský;Vranov nad Topľou;Bystré
Prešovský;Vranov nad Topľou;Cabov
Prešovský;Vranov nad Topľou;Čaklov
Prešovský;Vranov nad Topľou;Čičava
Prešovský;Vranov nad Topľou;Čierne nad Topľou
Prešovský;Vranov nad Topľou;Ďapalovce
Prešovský;Vranov nad Topľou;Davidov
Prešovský;Vranov nad Topľou;Detrík
Prešovský;Vranov nad Topľou;Dlhé Klčovo
Prešovský;Vranov nad Topľou;Ďurďoš
Prešovský;Vranov nad Topľou;Giglovce
Prešovský;Vranov nad Topľou;Girovce
Prešovský;Vranov nad Topľou;Hanušovce nad Topľou
Prešovský;Vranov nad Topľou;Hencovce
Prešovský;Vranov nad Topľou;Hermanovce nad Topľou
Prešovský;Vranov nad Topľou;Hlinné
Prešovský;Vranov nad Topľou;Holčíkovce
Prešovský;Vranov nad Topľou;Jasenovce
Prešovský;Vranov nad Topľou;Jastrabie nad Topľou
Prešovský;Vranov nad Topľou;Juskova Voľa
Prešovský;Vranov nad Topľou;Kamenná Poruba
Prešovský;Vranov nad Topľou;Kladzany
Prešovský;Vranov nad Topľou;Komárany
Prešovský;Vranov nad Topľou;Kučín
Prešovský;Vranov nad Topľou;Kvakovce
Prešovský;Vranov nad Topľou;Majerovce
Prešovský;Vranov nad Topľou;Malá Domaša
Prešovský;Vranov nad Topľou;Matiaška
Prešovský;Vranov nad Topľou;Medzianky
Prešovský;Vranov nad Topľou;Merník
Prešovský;Vranov nad Topľou;Michalok
Prešovský;Vranov nad Topľou;Nižný Hrabovec
Prešovský;Vranov nad Topľou;Nižný Hrušov
Prešovský;Vranov nad Topľou;Nižný Kručov
Prešovský;Vranov nad Topľou;Nová Kelča
Prešovský;Vranov nad Topľou;Ondavské Matiašovce
Prešovský;Vranov nad Topľou;Pavlovce
Prešovský;Vranov nad Topľou;Petkovce
Prešovský;Vranov nad Topľou;Petrovce
Prešovský;Vranov nad Topľou;Piskorovce
Prešovský;Vranov nad Topľou;Poša
Prešovský;Vranov nad Topľou;Prosačov
Prešovský;Vranov nad Topľou;Radvanovce
Prešovský;Vranov nad Topľou;Rafajovce
Prešovský;Vranov nad Topľou;Remeniny
Prešovský;Vranov nad Topľou;Rudlov
Prešovský;Vranov nad Topľou;Ruská Voľa
Prešovský;Vranov nad Topľou;Sačurov
Prešovský;Vranov nad Topľou;Sečovská Polianka
Prešovský;Vranov nad Topľou;Sedliská
Prešovský;Vranov nad Topľou;Skrabské
Prešovský;Vranov nad Topľou;Slovenská Kajňa
Prešovský;Vranov nad Topľou;Soľ
Prešovský;Vranov nad Topľou;Štefanovce
Prešovský;Vranov nad Topľou;Tovarné
Prešovský;Vranov nad Topľou;Tovarnianska Polianka
Prešovský;Vranov nad Topľou;Vavrinec
Prešovský;Vranov nad Topľou;Vechec
Prešovský;Vranov nad Topľou;Vlača
Prešovský;Vranov nad Topľou;Vranov nad Topľou
Prešovský;Vranov nad Topľou;Vyšný Kazimír
Prešovský;Vranov nad Topľou;Vyšný Žipov
Prešovský;Vranov nad Topľou;Zámutov
Prešovský;Vranov nad Topľou;Zlatník
Prešovský;Vranov nad Topľou;Žalobín
Košický;Gelnica;Gelnica
Košický;Gelnica;Helcmanovce
Košický;Gelnica;Henclová
Košický;Gelnica;Hrišovce
Košický;Gelnica;Jaklovce
Košický;Gelnica;Kluknava
Košický;Gelnica;Kojšov
Košický;Gelnica;Margecany
Košický;Gelnica;Mníšek nad Hnilcom
Košický;Gelnica;Nálepkovo
Košický;Gelnica;Prakovce
Košický;Gelnica;Richnava
Košický;Gelnica;Smolnícka Huta
Košický;Gelnica;Smolník
Košický;Gelnica;Stará Voda
Košický;Gelnica;Švedlár
Košický;Gelnica;Úhorná
Košický;Gelnica;Veľký Folkmar
Košický;Gelnica;Závadka
Košický;Gelnica;Žakarovce
Košický;Košice I;Košice - Džungľa
Košický;Košice I;Košice - Kavečany
Košický;Košice I;Košice - Sever
Košický;Košice I;Košice - Sídlisko Ťahanovce
Košický;Košice I;Košice - Staré Mesto
Košický;Košice I;Košice - Ťahanovce
Košický;Košice II;Košice - Lorinčík
Košický;Košice II;Košice - Luník IX
Košický;Košice II;Košice - Myslava
Košický;Košice II;Košice - Pereš
Košický;Košice II;Košice - Poľov
Košický;Košice II;Košice - Sídlisko KVP
Košický;Košice II;Košice - Šaca
Košický;Košice II;Košice - Západ
Košický;Košice III;Košice - Dargovských hrdinov
Košický;Košice III;Košice - Košická Nová Ves
Košický;Košice IV;Košice - Barca
Košický;Košice IV;Košice - Juh
Košický;Košice IV;Košice - Krásna
Košický;Košice IV;Košice - Nad jazerom
Košický;Košice IV;Košice - Šebastovce
Košický;Košice IV;Košice - Vyšné Opátske
Košický;Košice - okolie;Bačkovík
Košický;Košice - okolie;Baška
Košický;Košice - okolie;Belža
Košický;Košice - okolie;Beniakovce
Košický;Košice - okolie;Bidovce
Košický;Košice - okolie;Blažice
Košický;Košice - okolie;Bočiar
Košický;Košice - okolie;Bohdanovce
Košický;Košice - okolie;Boliarov
Košický;Košice - okolie;Budimír
Košický;Košice - okolie;Bukovec
Košický;Košice - okolie;Bunetice
Košický;Košice - okolie;Buzica
Košický;Košice - okolie;Cestice
Košický;Košice - okolie;Čakanovce
Košický;Košice - okolie;Čaňa
Košický;Košice - okolie;Čečejovce
Košický;Košice - okolie;Čižatice
Košický;Košice - okolie;Debraď
Košický;Košice - okolie;Drienovec
Košický;Košice - okolie;Družstevná pri Hornáde
Košický;Košice - okolie;Ďurďošík
Košický;Košice - okolie;Ďurkov
Košický;Košice - okolie;Dvorníky - Včeláre
Košický;Košice - okolie;Geča
Košický;Košice - okolie;Gyňov
Košický;Košice - okolie;Hačava
Košický;Košice - okolie;Háj
Košický;Košice - okolie;Haniska
Košický;Košice - okolie;Herľany
Košický;Košice - okolie;Hodkovce
Košický;Košice - okolie;Hosťovce
Košický;Košice - okolie;Hrašovík
Košický;Košice - okolie;Hýľov
Košický;Košice - okolie;Chorváty
Košický;Košice - okolie;Chrastné
Košický;Košice - okolie;Janík
Košický;Košice - okolie;Jasov
Košický;Košice - okolie;Kalša
Košický;Košice - okolie;Kecerovce
Košický;Košice - okolie;Kecerovský Lipovec
Košický;Košice - okolie;Kechnec
Košický;Košice - okolie;Kokšov - Bakša
Košický;Košice - okolie;Komárovce
Košický;Košice - okolie;Kostoľany nad Hornádom
Košický;Košice - okolie;Košická Belá
Košický;Košice - okolie;Košická Polianka
Košický;Košice - okolie;Košické Oľšany
Košický;Košice - okolie;Košický Klečenov
Košický;Košice - okolie;Kráľovce
Košický;Košice - okolie;Kysak
Košický;Košice - okolie;Malá Ida
Košický;Košice - okolie;Malá Lodina
Košický;Košice - okolie;Medzev
Košický;Košice - okolie;Milhosť
Košický;Košice - okolie;Mokrance
Košický;Košice - okolie;Moldava nad Bodvou
Košický;Košice - okolie;Mudrovce
Košický;Košice - okolie;Nižná Hutka
Košický;Košice - okolie;Nižná Kamenica
Košický;Košice - okolie;Nižná Myšľa
Košický;Košice - okolie;Nižný Čaj
Košický;Košice - okolie;Nižný Klátov
Košický;Košice - okolie;Nižný Lánec
Košický;Košice - okolie;Nová Polhora
Košický;Košice - okolie;Nováčany
Košický;Košice - okolie;Nový Salaš
Košický;Košice - okolie;Obišovce
Košický;Košice - okolie;Olšovany
Košický;Košice - okolie;Opátka
Košický;Košice - okolie;Opiná
Košický;Košice - okolie;Paňovce
Košický;Košice - okolie;Peder
Košický;Košice - okolie;Perín - Chym
Košický;Košice - okolie;Ploské
Košický;Košice - okolie;Poproč
Košický;Košice - okolie;Rákoš
Košický;Košice - okolie;Rankovce
Košický;Košice - okolie;Rešica
Košický;Košice - okolie;Rozhanovce
Košický;Košice - okolie;Rudník
Košický;Košice - okolie;Ruskov
Košický;Košice - okolie;Sady nad Torysou
Košický;Košice - okolie;Seňa
Košický;Košice - okolie;Skároš
Košický;Košice - okolie;Slančík
Košický;Košice - okolie;Slanec
Košický;Košice - okolie;Slanská Huta
Košický;Košice - okolie;Slanské Nové Mesto
Košický;Košice - okolie;Sokoľ
Košický;Košice - okolie;Sokoľany
Košický;Košice - okolie;Svinica
Košický;Košice - okolie;Šemša
Košický;Košice - okolie;Štós
Košický;Košice - okolie;Trebejov
Košický;Košice - okolie;Trsťany
Košický;Košice - okolie;Trstené pri Hornáde
Košický;Košice - okolie;Turňa nad Bodvou
Košický;Košice - okolie;Turnianska Nová Ves
Košický;Košice - okolie;Vajkovce
Košický;Košice - okolie;Valaliky
Košický;Košice - okolie;Veľká Ida
Košický;Košice - okolie;Veľká Lodina
Košický;Košice - okolie;Vtáčkovce
Košický;Košice - okolie;Vyšná Hutka
Košický;Košice - okolie;Vyšná Kamenica
Košický;Košice - okolie;Vyšná Myšľa
Košický;Košice - okolie;Vyšný Čaj
Košický;Košice - okolie;Vyšný Klátov
Košický;Košice - okolie;Vyšný Medzev
Košický;Košice - okolie;Zádiel
Košický;Košice - okolie;Zlatá Idka
Košický;Košice - okolie;Žarnov
Košický;Košice - okolie;Ždaňa
Košický;Michalovce;Bajany
Košický;Michalovce;Bánovce nad Ondavou
Košický;Michalovce;Beša
Košický;Michalovce;Bracovce
Košický;Michalovce;Budince
Košický;Michalovce;Budkovce
Košický;Michalovce;Čečehov
Košický;Michalovce;Čičarovce
Košický;Michalovce;Čierne Pole
Košický;Michalovce;Drahňov
Košický;Michalovce;Dúbravka
Košický;Michalovce;Falkušovce
Košický;Michalovce;Hatalov
Košický;Michalovce;Hažín
Košický;Michalovce;Hnojné
Košický;Michalovce;Horovce
Košický;Michalovce;Iňačovce
Košický;Michalovce;Ižkovce
Košický;Michalovce;Jastrabie pri Michalovciach
Košický;Michalovce;Jovsa
Košický;Michalovce;Kačanov
Košický;Michalovce;Kaluža
Košický;Michalovce;Kapušianske Kľačany
Košický;Michalovce;Klokočov
Košický;Michalovce;Krásnovce
Košický;Michalovce;Krišovská Liesková
Košický;Michalovce;Kusín
Košický;Michalovce;Lastomír
Košický;Michalovce;Laškovce
Košický;Michalovce;Lesné
Košický;Michalovce;Ložín
Košický;Michalovce;Lúčky
Košický;Michalovce;Malčice
Košický;Michalovce;Malé Raškovce
Košický;Michalovce;Markovce
Košický;Michalovce;Maťovské Vojkovce
Košický;Michalovce;Michalovce
Košický;Michalovce;Moravany
Košický;Michalovce;Nacina Ves
Košický;Michalovce;Oborín
Košický;Michalovce;Oreské
Košický;Michalovce;Palín
Košický;Michalovce;Pavlovce nad Uhom
Košický;Michalovce;Petrikovce
Košický;Michalovce;Petrovce nad Laborcom
Košický;Michalovce;Poruba pod Vihorlatom
Košický;Michalovce;Pozdišovce
Košický;Michalovce;Ptrukša
Košický;Michalovce;Pusté Čemerné
Košický;Michalovce;Rakovec nad Ondavou
Košický;Michalovce;Ruská
Košický;Michalovce;Senné
Košický;Michalovce;Slavkovce
Košický;Michalovce;Sliepkovce
Košický;Michalovce;Staré
Košický;Michalovce;Strážske
Košický;Michalovce;Stretava
Košický;Michalovce;Stretavka
Košický;Michalovce;Suché
Košický;Michalovce;Šamudovce
Košický;Michalovce;Trhovište
Košický;Michalovce;Trnava pri Laborci
Košický;Michalovce;Tušice
Košický;Michalovce;Tušická Nová Ves
Košický;Michalovce;Veľké Kapušany
Košický;Michalovce;Veľké Raškovce
Košický;Michalovce;Veľké Slemence
Košický;Michalovce;Vinné
Košický;Michalovce;Vojany
Košický;Michalovce;Voľa
Košický;Michalovce;Vrbnica
Košický;Michalovce;Vysoká nad Uhom
Košický;Michalovce;Zalužice
Košický;Michalovce;Závadka
Košický;Michalovce;Zbudza
Košický;Michalovce;Zemplínska Široká
Košický;Michalovce;Zemplínske Kopčany
Košický;Michalovce;Žbince
Košický;Rožňava;Ardovo
Košický;Rožňava;Betliar
Košický;Rožňava;Bohúňovo
Košický;Rožňava;Bôrka
Košický;Rožňava;Brdárka
Košický;Rožňava;Bretka
Košický;Rožňava;Brzotín
Košický;Rožňava;Čierna Lehota
Košický;Rožňava;Čoltovo
Košický;Rožňava;Čučma
Košický;Rožňava;Dedinky
Košický;Rožňava;Dlhá Ves
Košický;Rožňava;Dobšiná
Košický;Rožňava;Drnava
Košický;Rožňava;Gemerská Hôrka
Košický;Rožňava;Gemerská Panica
Košický;Rožňava;Gemerská Poloma
Košický;Rožňava;Gočaltovo
Košický;Rožňava;Gočovo
Košický;Rožňava;Hanková
Košický;Rožňava;Henckovce
Košický;Rožňava;Honce
Košický;Rožňava;Hrhov
Košický;Rožňava;Hrušov
Košický;Rožňava;Jablonov nad Turňou
Košický;Rožňava;Jovice
Košický;Rožňava;Kečovo
Košický;Rožňava;Kobeliarovo
Košický;Rožňava;Koceľovce
Košický;Rožňava;Kováčová
Košický;Rožňava;Krásnohorská Dlhá Lúka
Košický;Rožňava;Krásnohorské Podhradie
Košický;Rožňava;Kružná
Košický;Rožňava;Kunova Teplica
Košický;Rožňava;Lipovník
Košický;Rožňava;Lúčka
Košický;Rožňava;Markuška
Košický;Rožňava;Meliata
Košický;Rožňava;Nižná Slaná
Košický;Rožňava;Ochtiná
Košický;Rožňava;Pača
Košický;Rožňava;Pašková
Košický;Rožňava;Petrovo
Košický;Rožňava;Plešivec
Košický;Rožňava;Rakovnica
Košický;Rožňava;Rejdová
Košický;Rožňava;Rochovce
Košický;Rožňava;Roštár
Košický;Rožňava;Rozložná
Košický;Rožňava;Rožňava
Košický;Rožňava;Rožňavské Bystré
Košický;Rožňava;Rudná
Košický;Rožňava;Silica
Košický;Rožňava;Silická Brezová
Košický;Rožňava;Silická Jablonica
Košický;Rožňava;Slavec
Košický;Rožňava;Slavoška
Košický;Rožňava;Slavošovce
Košický;Rožňava;Stratená
Košický;Rožňava;Štítnik
Košický;Rožňava;Vlachovo
Košický;Rožňava;Vyšná Slaná
Košický;Sobrance;Baškovce
Košický;Sobrance;Beňatina
Košický;Sobrance;Bežovce
Košický;Sobrance;Blatná Polianka
Košický;Sobrance;Blatné Remety
Košický;Sobrance;Blatné Revištia
Košický;Sobrance;Bunkovce
Košický;Sobrance;Fekišovce
Košický;Sobrance;Hlivištia
Košický;Sobrance;Horňa
Košický;Sobrance;Husák
Košický;Sobrance;Choňkovce
Košický;Sobrance;Inovce
Košický;Sobrance;Jasenov
Košický;Sobrance;Jenkovce
Košický;Sobrance;Kolibabovce
Košický;Sobrance;Koňuš
Košický;Sobrance;Koromľa
Košický;Sobrance;Krčava
Košický;Sobrance;Kristy
Košický;Sobrance;Lekárovce
Košický;Sobrance;Nižná Rybnica
Košický;Sobrance;Nižné Nemecké
Košický;Sobrance;Orechová
Košický;Sobrance;Ostrov
Košický;Sobrance;Petrovce
Košický;Sobrance;Pinkovce
Košický;Sobrance;Podhoroď
Košický;Sobrance;Porostov
Košický;Sobrance;Porúbka
Košický;Sobrance;Priekopa
Košický;Sobrance;Remetské Hámre
Košický;Sobrance;Ruská Bystrá
Košický;Sobrance;Ruskovce
Košický;Sobrance;Ruský Hrabovec
Košický;Sobrance;Sejkov
Košický;Sobrance;Sobrance
Košický;Sobrance;Svätuš
Košický;Sobrance;Tašuľa
Košický;Sobrance;Tibava
Košický;Sobrance;Úbrež
Košický;Sobrance;Veľké Revištia
Košický;Sobrance;Vojnatina
Košický;Sobrance;Vyšná Rybnica
Košický;Sobrance;Vyšné Nemecké
Košický;Sobrance;Vyšné Remety
Košický;Sobrance;Záhor
Košický;Spišská Nová Ves;Arnutovce
Košický;Spišská Nová Ves;Betlanovce
Košický;Spišská Nová Ves;Bystrany
Košický;Spišská Nová Ves;Danišovce
Košický;Spišská Nová Ves;Harichovce
Košický;Spišská Nová Ves;Hincovce
Košický;Spišská Nová Ves;Hnilčík
Košický;Spišská Nová Ves;Hnilec
Košický;Spišská Nová Ves;Hrabušice
Košický;Spišská Nová Ves;Chrasť nad Hornádom
Košický;Spišská Nová Ves;Iliašovce
Košický;Spišská Nová Ves;Jamník
Košický;Spišská Nová Ves;Kaľava
Košický;Spišská Nová Ves;Kolinovce
Košický;Spišská Nová Ves;Krompachy
Košický;Spišská Nová Ves;Letanovce
Košický;Spišská Nová Ves;Lieskovany
Košický;Spišská Nová Ves;Markušovce
Košický;Spišská Nová Ves;Matejovce nad Hornádom
Košický;Spišská Nová Ves;Mlynky
Košický;Spišská Nová Ves;Odorín
Košický;Spišská Nová Ves;Olcnava
Košický;Spišská Nová Ves;Oľšavka
Košický;Spišská Nová Ves;Poráč
Košický;Spišská Nová Ves;Rudňany
Košický;Spišská Nová Ves;Slatvina
Košický;Spišská Nová Ves;Slovinky
Košický;Spišská Nová Ves;Smižany
Košický;Spišská Nová Ves;Spišská Nová Ves
Košický;Spišská Nová Ves;Spišské Tomášovce
Košický;Spišská Nová Ves;Spišské Vlachy
Košický;Spišská Nová Ves;Spišský Hrušov
Košický;Spišská Nová Ves;Teplička
Košický;Spišská Nová Ves;Vítkovce
Košický;Spišská Nová Ves;Vojkovce
Košický;Spišská Nová Ves;Žehra
Košický;Trebišov;Bačka
Košický;Trebišov;Bačkov
Košický;Trebišov;Bara
Košický;Trebišov;Biel
Košický;Trebišov;Boľ
Košický;Trebišov;Borša
Košický;Trebišov;Boťany
Košický;Trebišov;Brehov
Košický;Trebišov;Brezina
Košický;Trebišov;Byšta
Košický;Trebišov;Cejkov
Košický;Trebišov;Čeľovce
Košický;Trebišov;Čerhov
Košický;Trebišov;Černochov
Košický;Trebišov;Čierna
Košický;Trebišov;Čierna nad Tisou
Košický;Trebišov;Dargov
Košický;Trebišov;Dobrá
Košický;Trebišov;Dvorianky
Košický;Trebišov;Egreš
Košický;Trebišov;Hraň
Košický;Trebišov;Hrčeľ
Košický;Trebišov;Hriadky
Košický;Trebišov;Kašov
Košický;Trebišov;Kazimír
Košický;Trebišov;Klin nad Bodrogom
Košický;Trebišov;Kožuchov
Košický;Trebišov;Kráľovský Chlmec
Košický;Trebišov;Kravany
Košický;Trebišov;Kuzmice
Košický;Trebišov;Kysta
Košický;Trebišov;Ladmovce
Košický;Trebišov;Lastovce
Košický;Trebišov;Leles
Košický;Trebišov;Luhyňa
Košický;Trebišov;Malá Tŕňa
Košický;Trebišov;Malé Ozorovce
Košický;Trebišov;Malé Trakany
Košický;Trebišov;Malý Horeš
Košický;Trebišov;Malý Kamenec
Košický;Trebišov;Michaľany
Košický;Trebišov;Nižný Žipov
Košický;Trebišov;Novosad
Košický;Trebišov;Nový Ruskov
Košický;Trebišov;Parchovany
Košický;Trebišov;Plechotice
Košický;Trebišov;Poľany
Košický;Trebišov;Pribeník
Košický;Trebišov;Rad
Košický;Trebišov;Sečovce
Košický;Trebišov;Sirník
Košický;Trebišov;Slivník
Košický;Trebišov;Slovenské Nové Mesto
Košický;Trebišov;Soľnička
Košický;Trebišov;Somotor
Košický;Trebišov;Stanča
Košický;Trebišov;Stankovce
Košický;Trebišov;Strážne
Košický;Trebišov;Streda nad Bodrogom
Košický;Trebišov;Svätá Mária
Košický;Trebišov;Svätuše
Košický;Trebišov;Svinice
Košický;Trebišov;Trebišov
Košický;Trebišov;Trnávka
Košický;Trebišov;Veľaty
Košický;Trebišov;Veľká Tŕňa
Košický;Trebišov;Veľké Ozorovce
Košický;Trebišov;Veľké Trakany
Košický;Trebišov;Veľký Horeš
Košický;Trebišov;Veľký Kamenec
Košický;Trebišov;Viničky
Košický;Trebišov;Višňov
Košický;Trebišov;Vojčice
Košický;Trebišov;Vojka
Košický;Trebišov;Zatín
Košický;Trebišov;Zbehňov
Košický;Trebišov;Zemplín
Košický;Trebišov;Zemplínska Nová Ves
Košický;Trebišov;Zemplínska Teplica
Košický;Trebišov;Zemplínske Hradište
Košický;Trebišov;Zemplínske Jastrabie
Košický;Trebišov;Zemplínsky Branč
